event_time_s,event_type,frame,sequence,latency_ms,jitter_ms
0.000000,SEND,1,0,,
0.000000,TX_START,1,0,,
0.000000,TX_START,1,0,,
0.001000,SEND,1,1,,
0.001000,TX_START,1,1,,
0.002000,SEND,1,2,,
0.002000,TX_START,1,2,,
0.003000,SEND,1,3,,
0.003000,TX_START,1,3,,
0.004000,SEND,1,4,,
0.004000,TX_START,1,4,,
0.005000,SEND,1,5,,
0.005000,TX_START,1,5,,
0.006000,SEND,1,6,,
0.006000,TX_START,1,6,,
0.007000,SEND,1,7,,
0.007000,TX_START,1,7,,
0.008000,SEND,1,8,,
0.008000,TX_START,1,8,,
0.008496,TX_START,1,1,,
0.009000,SEND,1,9,,
0.009000,TX_START,1,9,,
0.010000,SEND,1,10,,
0.010000,TX_START,1,10,,
0.011000,SEND,1,11,,
0.011000,TX_START,1,11,,
0.012000,SEND,1,12,,
0.012000,TX_START,1,12,,
0.013000,SEND,1,13,,
0.013000,TX_START,1,13,,
0.014000,SEND,1,14,,
0.014000,TX_START,1,14,,
0.015000,SEND,1,15,,
0.015000,TX_START,1,15,,
0.016000,SEND,1,16,,
0.016000,TX_START,1,16,,
0.016992,TX_START,1,2,,
0.017000,SEND,1,17,,
0.017000,TX_START,1,17,,
0.018000,SEND,1,18,,
0.018000,TX_START,1,18,,
0.018496,RECEIVE,1,0,18.496000,
0.019000,SEND,1,19,,
0.019000,TX_START,1,19,,
0.020000,SEND,1,20,,
0.020000,TX_START,1,20,,
0.021000,SEND,1,21,,
0.021000,TX_START,1,21,,
0.022000,SEND,1,22,,
0.022000,TX_START,1,22,,
0.023000,SEND,1,23,,
0.023000,TX_START,1,23,,
0.024000,SEND,1,24,,
0.024000,TX_START,1,24,,
0.025000,SEND,1,25,,
0.025000,TX_START,1,25,,
0.025488,TX_START,1,3,,
0.026000,SEND,1,26,,
0.026000,TX_START,1,26,,
0.026992,RECEIVE,1,1,25.992000,7.496000
0.027000,SEND,1,27,,
0.027000,TX_START,1,27,,
0.028000,SEND,1,28,,
0.028000,TX_START,1,28,,
0.029000,SEND,1,29,,
0.029000,TX_START,1,29,,
0.030000,SEND,1,30,,
0.030000,TX_START,1,30,,
0.031000,SEND,1,31,,
0.031000,TX_START,1,31,,
0.032000,SEND,1,32,,
0.032000,TX_START,1,32,,
0.033000,SEND,1,33,,
0.033000,TX_START,1,33,,
0.033984,TX_START,1,4,,
0.034000,SEND,1,34,,
0.034000,TX_START,1,34,,
0.035000,SEND,1,35,,
0.035000,TX_START,1,35,,
0.035488,RECEIVE,1,2,33.488000,7.496000
0.036000,SEND,1,36,,
0.036000,TX_START,1,36,,
0.037000,SEND,1,37,,
0.037000,TX_START,1,37,,
0.038000,SEND,1,38,,
0.038000,TX_START,1,38,,
0.039000,SEND,1,39,,
0.039000,TX_START,1,39,,
0.040000,SEND,1,40,,
0.040000,TX_START,1,40,,
0.041000,SEND,1,41,,
0.041000,TX_START,1,41,,
0.042000,SEND,1,42,,
0.042000,TX_START,1,42,,
0.042480,TX_START,1,5,,
0.043000,SEND,1,43,,
0.043000,TX_START,1,43,,
0.043984,RECEIVE,1,3,40.984000,7.496000
0.044000,SEND,1,44,,
0.044000,TX_START,1,44,,
0.045000,SEND,1,45,,
0.045000,TX_START,1,45,,
0.046000,SEND,1,46,,
0.046000,TX_START,1,46,,
0.047000,SEND,1,47,,
0.047000,TX_START,1,47,,
0.048000,SEND,1,48,,
0.048000,TX_START,1,48,,
0.049000,SEND,1,49,,
0.049000,TX_START,1,49,,
0.050000,SEND,1,50,,
0.050000,TX_START,1,50,,
0.050976,TX_START,1,6,,
0.051000,SEND,1,51,,
0.051000,TX_START,1,51,,
0.052000,SEND,1,52,,
0.052000,TX_START,1,52,,
0.052480,RECEIVE,1,4,48.480000,7.496000
0.053000,SEND,1,53,,
0.053000,TX_START,1,53,,
0.054000,SEND,1,54,,
0.054000,TX_START,1,54,,
0.055000,SEND,1,55,,
0.055000,TX_START,1,55,,
0.056000,SEND,1,56,,
0.056000,TX_START,1,56,,
0.057000,SEND,1,57,,
0.057000,TX_START,1,57,,
0.058000,SEND,1,58,,
0.058000,TX_START,1,58,,
0.059000,SEND,1,59,,
0.059000,TX_START,1,59,,
0.059472,TX_START,1,7,,
0.060000,SEND,1,60,,
0.060000,TX_START,1,60,,
0.060976,RECEIVE,1,5,55.976000,7.496000
0.061000,SEND,1,61,,
0.061000,TX_START,1,61,,
0.062000,SEND,1,62,,
0.062000,TX_START,1,62,,
0.063000,SEND,1,63,,
0.063000,TX_START,1,63,,
0.064000,SEND,1,64,,
0.064000,TX_START,1,64,,
0.065000,SEND,1,65,,
0.065000,TX_START,1,65,,
0.066000,SEND,1,66,,
0.066000,TX_START,1,66,,
0.067000,SEND,1,67,,
0.067000,TX_START,1,67,,
0.067968,TX_START,1,8,,
0.068000,SEND,1,68,,
0.068000,TX_START,1,68,,
0.069000,SEND,1,69,,
0.069000,TX_START,1,69,,
0.069472,RECEIVE,1,6,63.472000,7.496000
0.070000,SEND,1,70,,
0.070000,TX_START,1,70,,
0.071000,SEND,1,71,,
0.071000,TX_START,1,71,,
0.072000,SEND,1,72,,
0.072000,TX_START,1,72,,
0.073000,SEND,1,73,,
0.073000,TX_START,1,73,,
0.074000,SEND,1,74,,
0.074000,TX_START,1,74,,
0.075000,SEND,1,75,,
0.075000,TX_START,1,75,,
0.076000,SEND,1,76,,
0.076000,TX_START,1,76,,
0.076464,TX_START,1,9,,
0.077000,SEND,1,77,,
0.077000,TX_START,1,77,,
0.077968,RECEIVE,1,7,70.968000,7.496000
0.078000,SEND,1,78,,
0.078000,TX_START,1,78,,
0.079000,SEND,1,79,,
0.079000,TX_START,1,79,,
0.080000,SEND,1,80,,
0.080000,TX_START,1,80,,
0.081000,SEND,1,81,,
0.081000,TX_START,1,81,,
0.082000,SEND,1,82,,
0.082000,TX_START,1,82,,
0.083000,SEND,1,83,,
0.083000,TX_START,1,83,,
0.084000,SEND,1,84,,
0.084000,TX_START,1,84,,
0.084960,TX_START,1,10,,
0.085000,SEND,1,85,,
0.085000,TX_START,1,85,,
0.086000,SEND,1,86,,
0.086000,TX_START,1,86,,
0.086464,RECEIVE,1,8,78.464000,7.496000
0.087000,SEND,1,87,,
0.087000,TX_START,1,87,,
0.088000,SEND,1,88,,
0.088000,TX_START,1,88,,
0.089000,SEND,1,89,,
0.089000,TX_START,1,89,,
0.090000,SEND,1,90,,
0.090000,TX_START,1,90,,
0.091000,SEND,1,91,,
0.091000,TX_START,1,91,,
0.092000,SEND,1,92,,
0.092000,TX_START,1,92,,
0.093000,SEND,1,93,,
0.093000,TX_START,1,93,,
0.093456,TX_START,1,11,,
0.094960,RECEIVE,1,9,85.960000,7.496000
0.100000,SEND,1,94,,
0.100000,TX_START,1,94,,
0.101000,SEND,1,95,,
0.101000,TX_START,1,95,,
0.101952,TX_START,1,12,,
0.102000,SEND,1,96,,
0.102000,TX_START,1,96,,
0.103000,SEND,1,97,,
0.103000,TX_START,1,97,,
0.103456,RECEIVE,1,10,93.456000,7.496000
0.104000,SEND,1,98,,
0.104000,TX_START,1,98,,
0.105000,SEND,1,99,,
0.105000,TX_START,1,99,,
0.106000,SEND,1,100,,
0.106000,TX_START,1,100,,
0.107000,SEND,1,101,,
0.107000,TX_START,1,101,,
0.108000,SEND,1,102,,
0.108000,TX_START,1,102,,
0.109000,SEND,1,103,,
0.109000,TX_START,1,103,,
0.110000,SEND,1,104,,
0.110000,TX_START,1,104,,
0.110448,TX_START,1,13,,
0.111000,SEND,1,105,,
0.111000,TX_START,1,105,,
0.111952,RECEIVE,1,11,100.952000,7.496000
0.112000,SEND,1,106,,
0.112000,TX_START,1,106,,
0.113000,SEND,1,107,,
0.113000,TX_START,1,107,,
0.114000,SEND,1,108,,
0.114000,TX_START,1,108,,
0.115000,SEND,1,109,,
0.115000,TX_START,1,109,,
0.116000,SEND,1,110,,
0.116000,TX_START,1,110,,
0.117000,SEND,1,111,,
0.117000,TX_START,1,111,,
0.118000,SEND,1,112,,
0.118000,TX_START,1,112,,
0.118944,TX_START,1,14,,
0.119000,SEND,1,113,,
0.119000,TX_START,1,113,,
0.120000,SEND,1,114,,
0.120000,TX_START,1,114,,
0.120448,RECEIVE,1,12,108.448000,7.496000
0.121000,SEND,1,115,,
0.122000,SEND,1,116,,
0.123000,SEND,1,117,,
0.124000,SEND,1,118,,
0.125000,SEND,1,119,,
0.126000,SEND,1,120,,
0.127000,SEND,1,121,,
0.127440,TX_START,1,15,,
0.127440,TX_START,1,115,,
0.128000,SEND,1,122,,
0.128944,RECEIVE,1,13,115.944000,7.496000
0.129000,SEND,1,123,,
0.130000,SEND,1,124,,
0.131000,SEND,1,125,,
0.132000,SEND,1,126,,
0.133000,SEND,1,127,,
0.134000,SEND,1,128,,
0.135000,SEND,1,129,,
0.135936,TX_START,1,16,,
0.135936,TX_START,1,116,,
0.136000,SEND,1,130,,
0.137000,SEND,1,131,,
0.137440,RECEIVE,1,14,123.440000,7.496000
0.138000,SEND,1,132,,
0.139000,SEND,1,133,,
0.140000,SEND,1,134,,
0.141000,SEND,1,135,,
0.142000,SEND,1,136,,
0.143000,SEND,1,137,,
0.144000,SEND,1,138,,
0.144432,TX_START,1,17,,
0.144432,TX_START,1,117,,
0.145000,SEND,1,139,,
0.145936,RECEIVE,1,15,130.936000,7.496000
0.146000,SEND,1,140,,
0.147000,SEND,1,141,,
0.148000,SEND,1,142,,
0.149000,SEND,1,143,,
0.150000,SEND,1,144,,
0.151000,SEND,1,145,,
0.152000,SEND,1,146,,
0.152928,TX_START,1,18,,
0.152928,TX_START,1,118,,
0.153000,SEND,1,147,,
0.154000,SEND,1,148,,
0.154432,RECEIVE,1,16,138.432000,7.496000
0.155000,SEND,1,149,,
0.156000,SEND,1,150,,
0.157000,SEND,1,151,,
0.158000,SEND,1,152,,
0.159000,SEND,1,153,,
0.160000,SEND,1,154,,
0.161000,SEND,1,155,,
0.161424,TX_START,1,19,,
0.161424,TX_START,1,119,,
0.162000,SEND,1,156,,
0.162928,RECEIVE,1,17,145.928000,7.496000
0.163000,SEND,1,157,,
0.164000,SEND,1,158,,
0.165000,SEND,1,159,,
0.166000,SEND,1,160,,
0.167000,SEND,1,161,,
0.168000,SEND,1,162,,
0.169000,SEND,1,163,,
0.169920,TX_START,1,20,,
0.169920,TX_START,1,120,,
0.170000,SEND,1,164,,
0.171000,SEND,1,165,,
0.171424,RECEIVE,1,18,153.424000,7.496000
0.172000,SEND,1,166,,
0.173000,SEND,1,167,,
0.174000,SEND,1,168,,
0.175000,SEND,1,169,,
0.176000,SEND,1,170,,
0.177000,SEND,1,171,,
0.178000,SEND,1,172,,
0.178416,TX_START,1,21,,
0.178416,TX_START,1,121,,
0.179000,SEND,1,173,,
0.179920,RECEIVE,1,19,160.920000,7.496000
0.180000,SEND,1,174,,
0.181000,SEND,1,175,,
0.182000,SEND,1,176,,
0.183000,SEND,1,177,,
0.184000,SEND,1,178,,
0.185000,SEND,1,179,,
0.186000,SEND,1,180,,
0.186912,TX_START,1,22,,
0.186912,TX_START,1,122,,
0.187000,SEND,1,181,,
0.188000,SEND,1,182,,
0.188416,RECEIVE,1,20,168.416000,7.496000
0.189000,SEND,1,183,,
0.190000,SEND,1,184,,
0.191000,SEND,1,185,,
0.192000,SEND,1,186,,
0.193000,SEND,1,187,,
0.195408,TX_START,1,23,,
0.195408,TX_START,1,123,,
0.196912,RECEIVE,1,21,175.912000,7.496000
0.200000,SEND,1,188,,
0.201000,SEND,1,189,,
0.202000,SEND,1,190,,
0.203000,SEND,1,191,,
0.203904,TX_START,1,24,,
0.203904,TX_START,1,124,,
0.204000,SEND,1,192,,
0.205000,SEND,1,193,,
0.205408,RECEIVE,1,22,183.408000,7.496000
0.206000,SEND,1,194,,
0.207000,SEND,1,195,,
0.208000,SEND,1,196,,
0.209000,SEND,1,197,,
0.210000,SEND,1,198,,
0.211000,SEND,1,199,,
0.212000,SEND,1,200,,
0.212400,TX_START,1,25,,
0.212400,TX_START,1,125,,
0.213000,SEND,1,201,,
0.213904,RECEIVE,1,23,190.904000,7.496000
0.214000,SEND,1,202,,
0.215000,SEND,1,203,,
0.216000,SEND,1,204,,
0.217000,SEND,1,205,,
0.218000,SEND,1,206,,
0.219000,SEND,1,207,,
0.220000,SEND,1,208,,
0.220896,TX_START,1,26,,
0.220896,TX_START,1,126,,
0.221000,SEND,1,209,,
0.222000,SEND,1,210,,
0.222400,RECEIVE,1,24,198.400000,7.496000
0.223000,SEND,1,211,,
0.224000,SEND,1,212,,
0.225000,SEND,1,213,,
0.226000,SEND,1,214,,
0.227000,SEND,1,215,,
0.228000,SEND,1,216,,
0.229000,SEND,1,217,,
0.229392,TX_START,1,27,,
0.229392,TX_START,1,128,,
0.230000,SEND,1,218,,
0.230896,RECEIVE,1,25,205.896000,7.496000
0.231000,SEND,1,219,,
0.232000,SEND,1,220,,
0.233000,SEND,1,221,,
0.234000,SEND,1,222,,
0.235000,SEND,1,223,,
0.236000,SEND,1,224,,
0.237000,SEND,1,225,,
0.237888,TX_START,1,28,,
0.237888,TX_START,1,129,,
0.238000,SEND,1,226,,
0.239000,SEND,1,227,,
0.239392,RECEIVE,1,26,213.392000,7.496000
0.240000,SEND,1,228,,
0.241000,SEND,1,229,,
0.242000,SEND,1,230,,
0.243000,SEND,1,231,,
0.244000,SEND,1,232,,
0.245000,SEND,1,233,,
0.246000,SEND,1,234,,
0.246384,TX_START,1,29,,
0.246384,TX_START,1,130,,
0.247000,SEND,1,235,,
0.247888,RECEIVE,1,27,220.888000,7.496000
0.248000,SEND,1,236,,
0.249000,SEND,1,237,,
0.250000,SEND,1,238,,
0.251000,SEND,1,239,,
0.252000,SEND,1,240,,
0.253000,SEND,1,241,,
0.254000,SEND,1,242,,
0.254880,TX_START,1,30,,
0.254880,TX_START,1,131,,
0.255000,SEND,1,243,,
0.256000,SEND,1,244,,
0.256384,RECEIVE,1,28,228.384000,7.496000
0.257000,SEND,1,245,,
0.258000,SEND,1,246,,
0.259000,SEND,1,247,,
0.260000,SEND,1,248,,
0.261000,SEND,1,249,,
0.262000,SEND,1,250,,
0.263000,SEND,1,251,,
0.263376,TX_START,1,31,,
0.263376,TX_START,1,132,,
0.264000,SEND,1,252,,
0.264880,RECEIVE,1,29,235.880000,7.496000
0.265000,SEND,1,253,,
0.266000,SEND,1,254,,
0.267000,SEND,1,255,,
0.268000,SEND,1,256,,
0.269000,SEND,1,257,,
0.270000,SEND,1,258,,
0.271000,SEND,1,259,,
0.271872,TX_START,1,32,,
0.271872,TX_START,1,133,,
0.272000,SEND,1,260,,
0.273000,SEND,1,261,,
0.273376,RECEIVE,1,30,243.376000,7.496000
0.274000,SEND,1,262,,
0.275000,SEND,1,263,,
0.276000,SEND,1,264,,
0.277000,SEND,1,265,,
0.278000,SEND,1,266,,
0.279000,SEND,1,267,,
0.280000,SEND,1,268,,
0.280368,TX_START,1,33,,
0.280368,TX_START,1,134,,
0.281000,SEND,1,269,,
0.281872,RECEIVE,1,31,250.872000,7.496000
0.282000,SEND,1,270,,
0.283000,SEND,1,271,,
0.284000,SEND,1,272,,
0.285000,SEND,1,273,,
0.286000,SEND,1,274,,
0.287000,SEND,1,275,,
0.288000,SEND,1,276,,
0.288864,TX_START,1,34,,
0.288864,TX_START,1,135,,
0.289000,SEND,1,277,,
0.290000,SEND,1,278,,
0.290368,RECEIVE,1,32,258.368000,7.496000
0.291000,SEND,1,279,,
0.292000,SEND,1,280,,
0.293000,SEND,1,281,,
0.297360,TX_START,1,35,,
0.297360,TX_START,1,136,,
0.298864,RECEIVE,1,33,265.864000,7.496000
0.300000,SEND,1,282,,
0.301000,SEND,1,283,,
0.302000,SEND,1,284,,
0.303000,SEND,1,285,,
0.304000,SEND,1,286,,
0.305000,SEND,1,287,,
0.305856,TX_START,1,36,,
0.305856,TX_START,1,137,,
0.306000,SEND,1,288,,
0.307000,SEND,1,289,,
0.307360,RECEIVE,1,34,273.360000,7.496000
0.308000,SEND,1,290,,
0.309000,SEND,1,291,,
0.310000,SEND,1,292,,
0.311000,SEND,1,293,,
0.312000,SEND,1,294,,
0.313000,SEND,1,295,,
0.314000,SEND,1,296,,
0.314352,TX_START,1,37,,
0.314352,TX_START,1,138,,
0.315000,SEND,1,297,,
0.315856,RECEIVE,1,35,280.856000,7.496000
0.316000,SEND,1,298,,
0.317000,SEND,1,299,,
0.318000,SEND,1,300,,
0.319000,SEND,1,301,,
0.320000,SEND,1,302,,
0.321000,SEND,1,303,,
0.322000,SEND,1,304,,
0.322848,TX_START,1,38,,
0.322848,TX_START,1,139,,
0.323000,SEND,1,305,,
0.324000,SEND,1,306,,
0.324352,RECEIVE,1,36,288.352000,7.496000
0.325000,SEND,1,307,,
0.326000,SEND,1,308,,
0.327000,SEND,1,309,,
0.328000,SEND,1,310,,
0.329000,SEND,1,311,,
0.330000,SEND,1,312,,
0.331000,SEND,1,313,,
0.331344,TX_START,1,39,,
0.331344,TX_START,1,141,,
0.332000,SEND,1,314,,
0.332848,RECEIVE,1,37,295.848000,7.496000
0.333000,SEND,1,315,,
0.334000,SEND,1,316,,
0.335000,SEND,1,317,,
0.336000,SEND,1,318,,
0.337000,SEND,1,319,,
0.338000,SEND,1,320,,
0.339000,SEND,1,321,,
0.339840,TX_START,1,40,,
0.339840,TX_START,1,142,,
0.340000,SEND,1,322,,
0.341000,SEND,1,323,,
0.341344,RECEIVE,1,38,303.344000,7.496000
0.342000,SEND,1,324,,
0.343000,SEND,1,325,,
0.344000,SEND,1,326,,
0.345000,SEND,1,327,,
0.346000,SEND,1,328,,
0.347000,SEND,1,329,,
0.348000,SEND,1,330,,
0.348336,TX_START,1,41,,
0.348336,TX_START,1,143,,
0.349000,SEND,1,331,,
0.349840,RECEIVE,1,39,310.840000,7.496000
0.350000,SEND,1,332,,
0.351000,SEND,1,333,,
0.352000,SEND,1,334,,
0.353000,SEND,1,335,,
0.354000,SEND,1,336,,
0.355000,SEND,1,337,,
0.356000,SEND,1,338,,
0.356832,TX_START,1,42,,
0.356832,TX_START,1,144,,
0.357000,SEND,1,339,,
0.358000,SEND,1,340,,
0.358336,RECEIVE,1,40,318.336000,7.496000
0.359000,SEND,1,341,,
0.360000,SEND,1,342,,
0.361000,SEND,1,343,,
0.362000,SEND,1,344,,
0.363000,SEND,1,345,,
0.364000,SEND,1,346,,
0.365000,SEND,1,347,,
0.365328,TX_START,1,43,,
0.365328,TX_START,1,145,,
0.366000,SEND,1,348,,
0.366832,RECEIVE,1,41,325.832000,7.496000
0.367000,SEND,1,349,,
0.368000,SEND,1,350,,
0.369000,SEND,1,351,,
0.370000,SEND,1,352,,
0.371000,SEND,1,353,,
0.372000,SEND,1,354,,
0.373000,SEND,1,355,,
0.373824,TX_START,1,44,,
0.373824,TX_START,1,146,,
0.374000,SEND,1,356,,
0.375000,SEND,1,357,,
0.375328,RECEIVE,1,42,333.328000,7.496000
0.376000,SEND,1,358,,
0.377000,SEND,1,359,,
0.378000,SEND,1,360,,
0.379000,SEND,1,361,,
0.380000,SEND,1,362,,
0.381000,SEND,1,363,,
0.382000,SEND,1,364,,
0.382320,TX_START,1,45,,
0.382320,TX_START,1,148,,
0.383000,SEND,1,365,,
0.383824,RECEIVE,1,43,340.824000,7.496000
0.384000,SEND,1,366,,
0.385000,SEND,1,367,,
0.386000,SEND,1,368,,
0.387000,SEND,1,369,,
0.388000,SEND,1,370,,
0.389000,SEND,1,371,,
0.390000,SEND,1,372,,
0.390816,TX_START,1,46,,
0.390816,TX_START,1,149,,
0.391000,SEND,1,373,,
0.392000,SEND,1,374,,
0.392320,RECEIVE,1,44,348.320000,7.496000
0.393000,SEND,1,375,,
0.399312,TX_START,1,47,,
0.399312,TX_START,1,150,,
0.400000,SEND,1,376,,
0.400816,RECEIVE,1,45,355.816000,7.496000
0.401000,SEND,1,377,,
0.402000,SEND,1,378,,
0.403000,SEND,1,379,,
0.404000,SEND,1,380,,
0.405000,SEND,1,381,,
0.406000,SEND,1,382,,
0.407000,SEND,1,383,,
0.407808,TX_START,1,48,,
0.407808,TX_START,1,151,,
0.408000,SEND,1,384,,
0.409000,SEND,1,385,,
0.409312,RECEIVE,1,46,363.312000,7.496000
0.410000,SEND,1,386,,
0.411000,SEND,1,387,,
0.412000,SEND,1,388,,
0.413000,SEND,1,389,,
0.414000,SEND,1,390,,
0.415000,SEND,1,391,,
0.416000,SEND,1,392,,
0.416304,TX_START,1,49,,
0.416304,TX_START,1,152,,
0.417000,SEND,1,393,,
0.417808,RECEIVE,1,47,370.808000,7.496000
0.418000,SEND,1,394,,
0.419000,SEND,1,395,,
0.420000,SEND,1,396,,
0.421000,SEND,1,397,,
0.422000,SEND,1,398,,
0.423000,SEND,1,399,,
0.424000,SEND,1,400,,
0.424800,TX_START,1,50,,
0.424800,TX_START,1,153,,
0.425000,SEND,1,401,,
0.426000,SEND,1,402,,
0.426304,RECEIVE,1,48,378.304000,7.496000
0.427000,SEND,1,403,,
0.428000,SEND,1,404,,
0.429000,SEND,1,405,,
0.430000,SEND,1,406,,
0.431000,SEND,1,407,,
0.432000,SEND,1,408,,
0.433000,SEND,1,409,,
0.433296,TX_START,1,51,,
0.433296,TX_START,1,154,,
0.434000,SEND,1,410,,
0.434800,RECEIVE,1,49,385.800000,7.496000
0.435000,SEND,1,411,,
0.436000,SEND,1,412,,
0.437000,SEND,1,413,,
0.438000,SEND,1,414,,
0.439000,SEND,1,415,,
0.440000,SEND,1,416,,
0.441000,SEND,1,417,,
0.441792,TX_START,1,52,,
0.441792,TX_START,1,156,,
0.442000,SEND,1,418,,
0.443000,SEND,1,419,,
0.443296,RECEIVE,1,50,393.296000,7.496000
0.444000,SEND,1,420,,
0.445000,SEND,1,421,,
0.446000,SEND,1,422,,
0.447000,SEND,1,423,,
0.448000,SEND,1,424,,
0.449000,SEND,1,425,,
0.450000,SEND,1,426,,
0.450288,TX_START,1,53,,
0.450288,TX_START,1,157,,
0.451000,SEND,1,427,,
0.451792,RECEIVE,1,51,400.792000,7.496000
0.452000,SEND,1,428,,
0.453000,SEND,1,429,,
0.454000,SEND,1,430,,
0.455000,SEND,1,431,,
0.456000,SEND,1,432,,
0.457000,SEND,1,433,,
0.458000,SEND,1,434,,
0.458784,TX_START,1,54,,
0.458784,TX_START,1,158,,
0.459000,SEND,1,435,,
0.460000,SEND,1,436,,
0.460288,RECEIVE,1,52,408.288000,7.496000
0.461000,SEND,1,437,,
0.462000,SEND,1,438,,
0.463000,SEND,1,439,,
0.464000,SEND,1,440,,
0.465000,SEND,1,441,,
0.466000,SEND,1,442,,
0.467000,SEND,1,443,,
0.467280,TX_START,1,55,,
0.467280,TX_START,1,159,,
0.468000,SEND,1,444,,
0.468784,RECEIVE,1,53,415.784000,7.496000
0.469000,SEND,1,445,,
0.470000,SEND,1,446,,
0.471000,SEND,1,447,,
0.472000,SEND,1,448,,
0.473000,SEND,1,449,,
0.474000,SEND,1,450,,
0.475000,SEND,1,451,,
0.475776,TX_START,1,56,,
0.475776,TX_START,1,160,,
0.476000,SEND,1,452,,
0.477000,SEND,1,453,,
0.477280,RECEIVE,1,54,423.280000,7.496000
0.478000,SEND,1,454,,
0.479000,SEND,1,455,,
0.480000,SEND,1,456,,
0.481000,SEND,1,457,,
0.482000,SEND,1,458,,
0.483000,SEND,1,459,,
0.484000,SEND,1,460,,
0.484272,TX_START,1,57,,
0.484272,TX_START,1,161,,
0.485000,SEND,1,461,,
0.485776,RECEIVE,1,55,430.776000,7.496000
0.486000,SEND,1,462,,
0.487000,SEND,1,463,,
0.488000,SEND,1,464,,
0.489000,SEND,1,465,,
0.490000,SEND,1,466,,
0.491000,SEND,1,467,,
0.492000,SEND,1,468,,
0.492768,TX_START,1,58,,
0.492768,TX_START,1,163,,
0.493000,SEND,1,469,,
0.494272,RECEIVE,1,56,438.272000,7.496000
0.500000,SEND,1,470,,
0.501000,SEND,1,471,,
0.501264,TX_START,1,59,,
0.501264,TX_START,1,164,,
0.502000,SEND,1,472,,
0.502768,RECEIVE,1,57,445.768000,7.496000
0.503000,SEND,1,473,,
0.504000,SEND,1,474,,
0.505000,SEND,1,475,,
0.506000,SEND,1,476,,
0.507000,SEND,1,477,,
0.508000,SEND,1,478,,
0.509000,SEND,1,479,,
0.509760,TX_START,1,60,,
0.509760,TX_START,1,165,,
0.510000,SEND,1,480,,
0.511000,SEND,1,481,,
0.511264,RECEIVE,1,58,453.264000,7.496000
0.512000,SEND,1,482,,
0.513000,SEND,1,483,,
0.514000,SEND,1,484,,
0.515000,SEND,1,485,,
0.516000,SEND,1,486,,
0.517000,SEND,1,487,,
0.518000,SEND,1,488,,
0.518256,TX_START,1,61,,
0.518256,TX_START,1,166,,
0.519000,SEND,1,489,,
0.519760,RECEIVE,1,59,460.760000,7.496000
0.520000,SEND,1,490,,
0.521000,SEND,1,491,,
0.522000,SEND,1,492,,
0.523000,SEND,1,493,,
0.524000,SEND,1,494,,
0.525000,SEND,1,495,,
0.526000,SEND,1,496,,
0.526752,TX_START,1,62,,
0.526752,TX_START,1,167,,
0.527000,SEND,1,497,,
0.528000,SEND,1,498,,
0.528256,RECEIVE,1,60,468.256000,7.496000
0.529000,SEND,1,499,,
0.530000,SEND,1,500,,
0.531000,SEND,1,501,,
0.532000,SEND,1,502,,
0.533000,SEND,1,503,,
0.534000,SEND,1,504,,
0.535000,SEND,1,505,,
0.535248,TX_START,1,63,,
0.535248,TX_START,1,169,,
0.536000,SEND,1,506,,
0.536752,RECEIVE,1,61,475.752000,7.496000
0.537000,SEND,1,507,,
0.538000,SEND,1,508,,
0.539000,SEND,1,509,,
0.540000,SEND,1,510,,
0.541000,SEND,1,511,,
0.542000,SEND,1,512,,
0.543000,SEND,1,513,,
0.543744,TX_START,1,64,,
0.543744,TX_START,1,170,,
0.544000,SEND,1,514,,
0.545000,SEND,1,515,,
0.545248,RECEIVE,1,62,483.248000,7.496000
0.546000,SEND,1,516,,
0.547000,SEND,1,517,,
0.548000,SEND,1,518,,
0.549000,SEND,1,519,,
0.550000,SEND,1,520,,
0.551000,SEND,1,521,,
0.552000,SEND,1,522,,
0.552240,TX_START,1,65,,
0.552240,TX_START,1,171,,
0.553000,SEND,1,523,,
0.553744,RECEIVE,1,63,490.744000,7.496000
0.554000,SEND,1,524,,
0.555000,SEND,1,525,,
0.556000,SEND,1,526,,
0.557000,SEND,1,527,,
0.558000,SEND,1,528,,
0.559000,SEND,1,529,,
0.560000,SEND,1,530,,
0.560736,TX_START,1,66,,
0.560736,TX_START,1,172,,
0.561000,SEND,1,531,,
0.562000,SEND,1,532,,
0.562240,RECEIVE,1,64,498.240000,7.496000
0.563000,SEND,1,533,,
0.564000,SEND,1,534,,
0.565000,SEND,1,535,,
0.566000,SEND,1,536,,
0.567000,SEND,1,537,,
0.568000,SEND,1,538,,
0.569000,SEND,1,539,,
0.569232,TX_START,1,67,,
0.569232,TX_START,1,174,,
0.570000,SEND,1,540,,
0.570736,RECEIVE,1,65,505.736000,7.496000
0.571000,SEND,1,541,,
0.572000,SEND,1,542,,
0.573000,SEND,1,543,,
0.574000,SEND,1,544,,
0.575000,SEND,1,545,,
0.576000,SEND,1,546,,
0.577000,SEND,1,547,,
0.577728,TX_START,1,68,,
0.577728,TX_START,1,175,,
0.578000,SEND,1,548,,
0.579000,SEND,1,549,,
0.579232,RECEIVE,1,66,513.232000,7.496000
0.580000,SEND,1,550,,
0.581000,SEND,1,551,,
0.582000,SEND,1,552,,
0.583000,SEND,1,553,,
0.584000,SEND,1,554,,
0.585000,SEND,1,555,,
0.586000,SEND,1,556,,
0.586224,TX_START,1,69,,
0.586224,TX_START,1,176,,
0.587000,SEND,1,557,,
0.587728,RECEIVE,1,67,520.728000,7.496000
0.588000,SEND,1,558,,
0.589000,SEND,1,559,,
0.590000,SEND,1,560,,
0.591000,SEND,1,561,,
0.592000,SEND,1,562,,
0.593000,SEND,1,563,,
0.594720,TX_START,1,70,,
0.594720,TX_START,1,177,,
0.596224,RECEIVE,1,68,528.224000,7.496000
0.600000,SEND,1,564,,
0.601000,SEND,1,565,,
0.602000,SEND,1,566,,
0.603000,SEND,1,567,,
0.603216,TX_START,1,71,,
0.603216,TX_START,1,178,,
0.604000,SEND,1,568,,
0.604720,RECEIVE,1,69,535.720000,7.496000
0.605000,SEND,1,569,,
0.606000,SEND,1,570,,
0.607000,SEND,1,571,,
0.608000,SEND,1,572,,
0.609000,SEND,1,573,,
0.610000,SEND,1,574,,
0.611000,SEND,1,575,,
0.611712,TX_START,1,72,,
0.611712,TX_START,1,180,,
0.612000,SEND,1,576,,
0.613000,SEND,1,577,,
0.613216,RECEIVE,1,70,543.216000,7.496000
0.614000,SEND,1,578,,
0.615000,SEND,1,579,,
0.616000,SEND,1,580,,
0.617000,SEND,1,581,,
0.618000,SEND,1,582,,
0.619000,SEND,1,583,,
0.620000,SEND,1,584,,
0.620208,TX_START,1,73,,
0.620208,TX_START,1,181,,
0.621000,SEND,1,585,,
0.621712,RECEIVE,1,71,550.712000,7.496000
0.622000,SEND,1,586,,
0.623000,SEND,1,587,,
0.624000,SEND,1,588,,
0.625000,SEND,1,589,,
0.626000,SEND,1,590,,
0.627000,SEND,1,591,,
0.628000,SEND,1,592,,
0.628704,TX_START,1,74,,
0.628704,TX_START,1,182,,
0.629000,SEND,1,593,,
0.630000,SEND,1,594,,
0.630208,RECEIVE,1,72,558.208000,7.496000
0.631000,SEND,1,595,,
0.632000,SEND,1,596,,
0.633000,SEND,1,597,,
0.634000,SEND,1,598,,
0.635000,SEND,1,599,,
0.636000,SEND,1,600,,
0.637000,SEND,1,601,,
0.637200,TX_START,1,75,,
0.637200,TX_START,1,183,,
0.638000,SEND,1,602,,
0.638704,RECEIVE,1,73,565.704000,7.496000
0.639000,SEND,1,603,,
0.640000,SEND,1,604,,
0.641000,SEND,1,605,,
0.642000,SEND,1,606,,
0.643000,SEND,1,607,,
0.644000,SEND,1,608,,
0.645000,SEND,1,609,,
0.645696,TX_START,1,76,,
0.645696,TX_START,1,185,,
0.646000,SEND,1,610,,
0.647000,SEND,1,611,,
0.647200,RECEIVE,1,74,573.200000,7.496000
0.648000,SEND,1,612,,
0.649000,SEND,1,613,,
0.650000,SEND,1,614,,
0.651000,SEND,1,615,,
0.652000,SEND,1,616,,
0.653000,SEND,1,617,,
0.654000,SEND,1,618,,
0.654192,TX_START,1,77,,
0.654192,TX_START,1,186,,
0.655000,SEND,1,619,,
0.655696,RECEIVE,1,75,580.696000,7.496000
0.656000,SEND,1,620,,
0.657000,SEND,1,621,,
0.658000,SEND,1,622,,
0.659000,SEND,1,623,,
0.660000,SEND,1,624,,
0.661000,SEND,1,625,,
0.662000,SEND,1,626,,
0.662688,TX_START,1,78,,
0.662688,TX_START,1,187,,
0.663000,SEND,1,627,,
0.664000,SEND,1,628,,
0.664192,RECEIVE,1,76,588.192000,7.496000
0.665000,SEND,1,629,,
0.666000,SEND,1,630,,
0.667000,SEND,1,631,,
0.668000,SEND,1,632,,
0.669000,SEND,1,633,,
0.670000,SEND,1,634,,
0.671000,SEND,1,635,,
0.671184,TX_START,1,79,,
0.671184,TX_START,1,188,,
0.672000,SEND,1,636,,
0.672688,RECEIVE,1,77,595.688000,7.496000
0.673000,SEND,1,637,,
0.674000,SEND,1,638,,
0.675000,SEND,1,639,,
0.676000,SEND,1,640,,
0.677000,SEND,1,641,,
0.678000,SEND,1,642,,
0.679000,SEND,1,643,,
0.679680,TX_START,1,80,,
0.679680,TX_START,1,190,,
0.680000,SEND,1,644,,
0.681000,SEND,1,645,,
0.681184,RECEIVE,1,78,603.184000,7.496000
0.682000,SEND,1,646,,
0.683000,SEND,1,647,,
0.684000,SEND,1,648,,
0.685000,SEND,1,649,,
0.686000,SEND,1,650,,
0.687000,SEND,1,651,,
0.688000,SEND,1,652,,
0.688176,TX_START,1,81,,
0.688176,TX_START,1,191,,
0.689000,SEND,1,653,,
0.689680,RECEIVE,1,79,610.680000,7.496000
0.690000,SEND,1,654,,
0.691000,SEND,1,655,,
0.692000,SEND,1,656,,
0.693000,SEND,1,657,,
0.696672,TX_START,1,82,,
0.696672,TX_START,1,192,,
0.698176,RECEIVE,1,80,618.176000,7.496000
0.700000,SEND,1,658,,
0.701000,SEND,1,659,,
0.702000,SEND,1,660,,
0.703000,SEND,1,661,,
0.704000,SEND,1,662,,
0.705000,SEND,1,663,,
0.705168,TX_START,1,83,,
0.705168,TX_START,1,193,,
0.706000,SEND,1,664,,
0.706672,RECEIVE,1,81,625.672000,7.496000
0.707000,SEND,1,665,,
0.708000,SEND,1,666,,
0.709000,SEND,1,667,,
0.710000,SEND,1,668,,
0.711000,SEND,1,669,,
0.712000,SEND,1,670,,
0.713000,SEND,1,671,,
0.713664,TX_START,1,84,,
0.713664,TX_START,1,195,,
0.714000,SEND,1,672,,
0.715000,SEND,1,673,,
0.715168,RECEIVE,1,82,633.168000,7.496000
0.716000,SEND,1,674,,
0.717000,SEND,1,675,,
0.718000,SEND,1,676,,
0.719000,SEND,1,677,,
0.720000,SEND,1,678,,
0.721000,SEND,1,679,,
0.722000,SEND,1,680,,
0.722160,TX_START,1,85,,
0.722160,TX_START,1,196,,
0.723000,SEND,1,681,,
0.723664,RECEIVE,1,83,640.664000,7.496000
0.724000,SEND,1,682,,
0.725000,SEND,1,683,,
0.726000,SEND,1,684,,
0.727000,SEND,1,685,,
0.728000,SEND,1,686,,
0.729000,SEND,1,687,,
0.730000,SEND,1,688,,
0.730656,TX_START,1,86,,
0.730656,TX_START,1,197,,
0.731000,SEND,1,689,,
0.732000,SEND,1,690,,
0.732160,RECEIVE,1,84,648.160000,7.496000
0.733000,SEND,1,691,,
0.734000,SEND,1,692,,
0.735000,SEND,1,693,,
0.736000,SEND,1,694,,
0.737000,SEND,1,695,,
0.738000,SEND,1,696,,
0.739000,SEND,1,697,,
0.739152,TX_START,1,87,,
0.739152,TX_START,1,199,,
0.740000,SEND,1,698,,
0.740656,RECEIVE,1,85,655.656000,7.496000
0.741000,SEND,1,699,,
0.742000,SEND,1,700,,
0.743000,SEND,1,701,,
0.744000,SEND,1,702,,
0.745000,SEND,1,703,,
0.746000,SEND,1,704,,
0.747000,SEND,1,705,,
0.747648,TX_START,1,88,,
0.747648,TX_START,1,200,,
0.748000,SEND,1,706,,
0.749000,SEND,1,707,,
0.749152,RECEIVE,1,86,663.152000,7.496000
0.750000,SEND,1,708,,
0.751000,SEND,1,709,,
0.752000,SEND,1,710,,
0.753000,SEND,1,711,,
0.754000,SEND,1,712,,
0.755000,SEND,1,713,,
0.756000,SEND,1,714,,
0.756144,TX_START,1,89,,
0.756144,TX_START,1,201,,
0.757000,SEND,1,715,,
0.757648,RECEIVE,1,87,670.648000,7.496000
0.758000,SEND,1,716,,
0.759000,SEND,1,717,,
0.760000,SEND,1,718,,
0.761000,SEND,1,719,,
0.762000,SEND,1,720,,
0.763000,SEND,1,721,,
0.764000,SEND,1,722,,
0.764640,TX_START,1,90,,
0.764640,TX_START,1,202,,
0.765000,SEND,1,723,,
0.766000,SEND,1,724,,
0.766144,RECEIVE,1,88,678.144000,7.496000
0.767000,SEND,1,725,,
0.768000,SEND,1,726,,
0.769000,SEND,1,727,,
0.770000,SEND,1,728,,
0.771000,SEND,1,729,,
0.772000,SEND,1,730,,
0.773000,SEND,1,731,,
0.773136,TX_START,1,91,,
0.773136,TX_START,1,204,,
0.774000,SEND,1,732,,
0.774640,RECEIVE,1,89,685.640000,7.496000
0.775000,SEND,1,733,,
0.776000,SEND,1,734,,
0.777000,SEND,1,735,,
0.778000,SEND,1,736,,
0.779000,SEND,1,737,,
0.780000,SEND,1,738,,
0.781000,SEND,1,739,,
0.781632,TX_START,1,92,,
0.781632,TX_START,1,205,,
0.782000,SEND,1,740,,
0.783000,SEND,1,741,,
0.783136,RECEIVE,1,90,693.136000,7.496000
0.784000,SEND,1,742,,
0.785000,SEND,1,743,,
0.786000,SEND,1,744,,
0.787000,SEND,1,745,,
0.788000,SEND,1,746,,
0.789000,SEND,1,747,,
0.790000,SEND,1,748,,
0.790128,TX_START,1,93,,
0.790128,TX_START,1,206,,
0.791000,SEND,1,749,,
0.791632,RECEIVE,1,91,700.632000,7.496000
0.792000,SEND,1,750,,
0.792144,TX_START,1,94,,
0.792144,TX_START,1,207,,
0.793000,SEND,1,751,,
0.800000,SEND,1,752,,
0.800128,RECEIVE,1,92,708.128000,7.496000
0.800640,TX_START,1,95,,
0.800640,TX_START,1,209,,
0.801000,SEND,1,753,,
0.802000,SEND,1,754,,
0.802144,RECEIVE,1,93,709.144000,1.016000
0.803000,SEND,1,755,,
0.804000,SEND,1,756,,
0.805000,SEND,1,757,,
0.806000,SEND,1,758,,
0.807000,SEND,1,759,,
0.808000,SEND,1,760,,
0.809000,SEND,1,761,,
0.809136,TX_START,1,96,,
0.809136,TX_START,1,210,,
0.810000,SEND,1,762,,
0.810640,RECEIVE,1,94,710.640000,1.496000
0.811000,SEND,1,763,,
0.812000,SEND,1,764,,
0.813000,SEND,1,765,,
0.814000,SEND,1,766,,
0.815000,SEND,1,767,,
0.816000,SEND,1,768,,
0.817000,SEND,1,769,,
0.817632,TX_START,1,97,,
0.817632,TX_START,1,211,,
0.818000,SEND,1,770,,
0.819000,SEND,1,771,,
0.819136,RECEIVE,1,95,718.136000,7.496000
0.820000,SEND,1,772,,
0.821000,SEND,1,773,,
0.822000,SEND,1,774,,
0.823000,SEND,1,775,,
0.824000,SEND,1,776,,
0.825000,SEND,1,777,,
0.826000,SEND,1,778,,
0.826128,TX_START,1,98,,
0.826128,TX_START,1,213,,
0.827000,SEND,1,779,,
0.827632,RECEIVE,1,96,725.632000,7.496000
0.828000,SEND,1,780,,
0.829000,SEND,1,781,,
0.830000,SEND,1,782,,
0.831000,SEND,1,783,,
0.832000,SEND,1,784,,
0.833000,SEND,1,785,,
0.834000,SEND,1,786,,
0.834624,TX_START,1,99,,
0.834624,TX_START,1,214,,
0.835000,SEND,1,787,,
0.836000,SEND,1,788,,
0.836128,RECEIVE,1,97,733.128000,7.496000
0.837000,SEND,1,789,,
0.838000,SEND,1,790,,
0.839000,SEND,1,791,,
0.840000,SEND,1,792,,
0.841000,SEND,1,793,,
0.842000,SEND,1,794,,
0.843000,SEND,1,795,,
0.843120,TX_START,1,100,,
0.843120,TX_START,1,215,,
0.844000,SEND,1,796,,
0.844624,RECEIVE,1,98,740.624000,7.496000
0.845000,SEND,1,797,,
0.846000,SEND,1,798,,
0.847000,SEND,1,799,,
0.848000,SEND,1,800,,
0.849000,SEND,1,801,,
0.850000,SEND,1,802,,
0.851000,SEND,1,803,,
0.851616,TX_START,1,101,,
0.851616,TX_START,1,217,,
0.852000,SEND,1,804,,
0.853000,SEND,1,805,,
0.853120,RECEIVE,1,99,748.120000,7.496000
0.854000,SEND,1,806,,
0.855000,SEND,1,807,,
0.856000,SEND,1,808,,
0.857000,SEND,1,809,,
0.858000,SEND,1,810,,
0.859000,SEND,1,811,,
0.860000,SEND,1,812,,
0.860112,TX_START,1,102,,
0.860112,TX_START,1,218,,
0.861000,SEND,1,813,,
0.861616,RECEIVE,1,100,755.616000,7.496000
0.862000,SEND,1,814,,
0.863000,SEND,1,815,,
0.864000,SEND,1,816,,
0.865000,SEND,1,817,,
0.866000,SEND,1,818,,
0.867000,SEND,1,819,,
0.868000,SEND,1,820,,
0.868608,TX_START,1,103,,
0.868608,TX_START,1,219,,
0.869000,SEND,1,821,,
0.870000,SEND,1,822,,
0.870112,RECEIVE,1,101,763.112000,7.496000
0.871000,SEND,1,823,,
0.872000,SEND,1,824,,
0.873000,SEND,1,825,,
0.874000,SEND,1,826,,
0.875000,SEND,1,827,,
0.876000,SEND,1,828,,
0.877000,SEND,1,829,,
0.877104,TX_START,1,104,,
0.877104,TX_START,1,221,,
0.878000,SEND,1,830,,
0.878608,RECEIVE,1,102,770.608000,7.496000
0.879000,SEND,1,831,,
0.880000,SEND,1,832,,
0.881000,SEND,1,833,,
0.882000,SEND,1,834,,
0.883000,SEND,1,835,,
0.884000,SEND,1,836,,
0.885000,SEND,1,837,,
0.885600,TX_START,1,105,,
0.885600,TX_START,1,222,,
0.886000,SEND,1,838,,
0.887000,SEND,1,839,,
0.887104,RECEIVE,1,103,778.104000,7.496000
0.888000,SEND,1,840,,
0.889000,SEND,1,841,,
0.890000,SEND,1,842,,
0.891000,SEND,1,843,,
0.892000,SEND,1,844,,
0.893000,SEND,1,845,,
0.894096,TX_START,1,106,,
0.894096,TX_START,1,223,,
0.895600,RECEIVE,1,104,785.600000,7.496000
0.900000,SEND,1,846,,
0.901000,SEND,1,847,,
0.902000,SEND,1,848,,
0.902592,TX_START,1,107,,
0.902592,TX_START,1,225,,
0.903000,SEND,1,849,,
0.904000,SEND,1,850,,
0.904096,RECEIVE,1,105,793.096000,7.496000
0.905000,SEND,1,851,,
0.906000,SEND,1,852,,
0.907000,SEND,1,853,,
0.908000,SEND,1,854,,
0.909000,SEND,1,855,,
0.910000,SEND,1,856,,
0.911000,SEND,1,857,,
0.911088,TX_START,1,108,,
0.911088,TX_START,1,226,,
0.912000,SEND,1,858,,
0.912592,RECEIVE,1,106,800.592000,7.496000
0.913000,SEND,1,859,,
0.914000,SEND,1,860,,
0.915000,SEND,1,861,,
0.916000,SEND,1,862,,
0.917000,SEND,1,863,,
0.918000,SEND,1,864,,
0.919000,SEND,1,865,,
0.919584,TX_START,1,109,,
0.919584,TX_START,1,228,,
0.920000,SEND,1,866,,
0.921000,SEND,1,867,,
0.921088,RECEIVE,1,107,808.088000,7.496000
0.922000,SEND,1,868,,
0.923000,SEND,1,869,,
0.924000,SEND,1,870,,
0.925000,SEND,1,871,,
0.926000,SEND,1,872,,
0.927000,SEND,1,873,,
0.928000,SEND,1,874,,
0.928080,TX_START,1,110,,
0.928080,TX_START,1,229,,
0.929000,SEND,1,875,,
0.929584,RECEIVE,1,108,815.584000,7.496000
0.930000,SEND,1,876,,
0.931000,SEND,1,877,,
0.932000,SEND,1,878,,
0.933000,SEND,1,879,,
0.934000,SEND,1,880,,
0.935000,SEND,1,881,,
0.936000,SEND,1,882,,
0.936576,TX_START,1,111,,
0.936576,TX_START,1,230,,
0.937000,SEND,1,883,,
0.938000,SEND,1,884,,
0.938080,RECEIVE,1,109,823.080000,7.496000
0.939000,SEND,1,885,,
0.940000,SEND,1,886,,
0.941000,SEND,1,887,,
0.942000,SEND,1,888,,
0.943000,SEND,1,889,,
0.944000,SEND,1,890,,
0.945000,SEND,1,891,,
0.945072,TX_START,1,112,,
0.945072,TX_START,1,232,,
0.946000,SEND,1,892,,
0.946576,RECEIVE,1,110,830.576000,7.496000
0.947000,SEND,1,893,,
0.948000,SEND,1,894,,
0.949000,SEND,1,895,,
0.950000,SEND,1,896,,
0.951000,SEND,1,897,,
0.952000,SEND,1,898,,
0.953000,SEND,1,899,,
0.953568,TX_START,1,113,,
0.953568,TX_START,1,233,,
0.954000,SEND,1,900,,
0.955000,SEND,1,901,,
0.955072,RECEIVE,1,111,838.072000,7.496000
0.956000,SEND,1,902,,
0.957000,SEND,1,903,,
0.958000,SEND,1,904,,
0.959000,SEND,1,905,,
0.960000,SEND,1,906,,
0.961000,SEND,1,907,,
0.962000,SEND,1,908,,
0.962064,TX_START,1,114,,
0.962064,TX_START,1,234,,
0.963000,SEND,1,909,,
0.963568,RECEIVE,1,112,845.568000,7.496000
0.964000,SEND,1,910,,
0.965000,SEND,1,911,,
0.966000,SEND,1,912,,
0.967000,SEND,1,913,,
0.968000,SEND,1,914,,
0.969000,SEND,1,915,,
0.970000,SEND,1,916,,
0.970560,TX_START,1,115,,
0.970560,TX_START,1,236,,
0.971000,SEND,1,917,,
0.972000,SEND,1,918,,
0.972064,RECEIVE,1,113,853.064000,7.496000
0.973000,SEND,1,919,,
0.974000,SEND,1,920,,
0.975000,SEND,1,921,,
0.976000,SEND,1,922,,
0.977000,SEND,1,923,,
0.978000,SEND,1,924,,
0.979000,SEND,1,925,,
0.979056,TX_START,1,116,,
0.979056,TX_START,1,237,,
0.980000,SEND,1,926,,
0.980560,RECEIVE,1,114,860.560000,7.496000
0.981000,SEND,1,927,,
0.982000,SEND,1,928,,
0.983000,SEND,1,929,,
0.984000,SEND,1,930,,
0.985000,SEND,1,931,,
0.986000,SEND,1,932,,
0.987000,SEND,1,933,,
0.987552,TX_START,1,117,,
0.987552,TX_START,1,239,,
0.988000,SEND,1,934,,
0.989000,SEND,1,935,,
0.989056,RECEIVE,1,115,868.056000,7.496000
0.990000,SEND,1,936,,
0.991000,SEND,1,937,,
0.992000,SEND,1,938,,
0.993000,SEND,1,939,,
0.996048,TX_START,1,118,,
0.996048,TX_START,1,240,,
0.997552,RECEIVE,1,116,875.552000,7.496000
1.000000,SEND,1,940,,
1.001000,SEND,1,941,,
1.002000,SEND,1,942,,
1.003000,SEND,1,943,,
1.004000,SEND,1,944,,
1.004544,TX_START,1,119,,
1.004544,TX_START,1,241,,
1.005000,SEND,1,945,,
1.006000,SEND,1,946,,
1.006048,RECEIVE,1,117,883.048000,7.496000
1.007000,SEND,1,947,,
1.008000,SEND,1,948,,
1.009000,SEND,1,949,,
1.010000,SEND,1,950,,
1.011000,SEND,1,951,,
1.012000,SEND,1,952,,
1.013000,SEND,1,953,,
1.013040,TX_START,1,120,,
1.013040,TX_START,1,243,,
1.014000,SEND,1,954,,
1.014544,RECEIVE,1,118,890.544000,7.496000
1.015000,SEND,1,955,,
1.016000,SEND,1,956,,
1.017000,SEND,1,957,,
1.018000,SEND,1,958,,
1.019000,SEND,1,959,,
1.020000,SEND,1,960,,
1.021000,SEND,1,961,,
1.021536,TX_START,1,121,,
1.021536,TX_START,1,244,,
1.022000,SEND,1,962,,
1.023000,SEND,1,963,,
1.023040,RECEIVE,1,119,898.040000,7.496000
1.024000,SEND,1,964,,
1.025000,SEND,1,965,,
1.026000,SEND,1,966,,
1.027000,SEND,1,967,,
1.028000,SEND,1,968,,
1.029000,SEND,1,969,,
1.030000,SEND,1,970,,
1.030032,TX_START,1,122,,
1.030032,TX_START,1,246,,
1.031000,SEND,1,971,,
1.031536,RECEIVE,1,120,905.536000,7.496000
1.032000,SEND,1,972,,
1.033000,SEND,1,973,,
1.034000,SEND,1,974,,
1.035000,SEND,1,975,,
1.036000,SEND,1,976,,
1.037000,SEND,1,977,,
1.038000,SEND,1,978,,
1.038528,TX_START,1,123,,
1.038528,TX_START,1,247,,
1.039000,SEND,1,979,,
1.040000,SEND,1,980,,
1.040032,RECEIVE,1,121,913.032000,7.496000
1.041000,SEND,1,981,,
1.042000,SEND,1,982,,
1.043000,SEND,1,983,,
1.044000,SEND,1,984,,
1.045000,SEND,1,985,,
1.046000,SEND,1,986,,
1.047000,SEND,1,987,,
1.047024,TX_START,1,124,,
1.047024,TX_START,1,248,,
1.048000,SEND,1,988,,
1.048528,RECEIVE,1,122,920.528000,7.496000
1.049000,SEND,1,989,,
1.050000,SEND,1,990,,
1.051000,SEND,1,991,,
1.052000,SEND,1,992,,
1.053000,SEND,1,993,,
1.054000,SEND,1,994,,
1.055000,SEND,1,995,,
1.055520,TX_START,1,125,,
1.055520,TX_START,1,250,,
1.056000,SEND,1,996,,
1.057000,SEND,1,997,,
1.057024,RECEIVE,1,123,928.024000,7.496000
1.058000,SEND,1,998,,
1.059000,SEND,1,999,,
1.060000,SEND,1,1000,,
1.061000,SEND,1,1001,,
1.062000,SEND,1,1002,,
1.063000,SEND,1,1003,,
1.064000,SEND,1,1004,,
1.064016,TX_START,1,126,,
1.064016,TX_START,1,251,,
1.065000,SEND,1,1005,,
1.065520,RECEIVE,1,124,935.520000,7.496000
1.066000,SEND,1,1006,,
1.067000,SEND,1,1007,,
1.068000,SEND,1,1008,,
1.069000,SEND,1,1009,,
1.070000,SEND,1,1010,,
1.071000,SEND,1,1011,,
1.072000,SEND,1,1012,,
1.072512,TX_START,1,128,,
1.072512,TX_START,1,253,,
1.073000,SEND,1,1013,,
1.074000,SEND,1,1014,,
1.074016,RECEIVE,1,125,943.016000,7.496000
1.075000,SEND,1,1015,,
1.076000,SEND,1,1016,,
1.077000,SEND,1,1017,,
1.078000,SEND,1,1018,,
1.079000,SEND,1,1019,,
1.080000,SEND,1,1020,,
1.081000,SEND,1,1021,,
1.081008,TX_START,1,129,,
1.081008,TX_START,1,254,,
1.082000,SEND,1,1022,,
1.082512,RECEIVE,1,126,950.512000,7.496000
1.083000,SEND,1,1023,,
1.084000,SEND,1,1024,,
1.085000,SEND,1,1025,,
1.086000,SEND,1,1026,,
1.087000,SEND,1,1027,,
1.088000,SEND,1,1028,,
1.089000,SEND,1,1029,,
1.089504,TX_START,1,130,,
1.089504,TX_START,1,256,,
1.090000,SEND,1,1030,,
1.091000,SEND,1,1031,,
1.091008,RECEIVE,1,128,957.008000,6.496000
1.092000,SEND,1,1032,,
1.093000,SEND,1,1033,,
1.098000,TX_START,1,131,,
1.098000,TX_START,1,257,,
1.099504,RECEIVE,1,129,964.504000,7.496000
1.100000,SEND,1,1034,,
1.101000,SEND,1,1035,,
1.102000,SEND,1,1036,,
1.103000,SEND,1,1037,,
1.104000,SEND,1,1038,,
1.105000,SEND,1,1039,,
1.106000,SEND,1,1040,,
1.106496,TX_START,1,132,,
1.106496,TX_START,1,259,,
1.107000,SEND,1,1041,,
1.108000,RECEIVE,1,130,972.000000,7.496000
1.108000,SEND,1,1042,,
1.109000,SEND,1,1043,,
1.110000,SEND,1,1044,,
1.111000,SEND,1,1045,,
1.112000,SEND,1,1046,,
1.113000,SEND,1,1047,,
1.114000,SEND,1,1048,,
1.114992,TX_START,1,133,,
1.114992,TX_START,1,260,,
1.115000,SEND,1,1049,,
1.116000,SEND,1,1050,,
1.116496,RECEIVE,1,131,979.496000,7.496000
1.117000,SEND,1,1051,,
1.118000,SEND,1,1052,,
1.119000,SEND,1,1053,,
1.120000,SEND,1,1054,,
1.121000,SEND,1,1055,,
1.122000,SEND,1,1056,,
1.123000,SEND,1,1057,,
1.123488,TX_START,1,134,,
1.123488,TX_START,1,261,,
1.124000,SEND,1,1058,,
1.124992,RECEIVE,1,132,986.992000,7.496000
1.125000,SEND,1,1059,,
1.126000,SEND,1,1060,,
1.127000,SEND,1,1061,,
1.128000,SEND,1,1062,,
1.129000,SEND,1,1063,,
1.130000,SEND,1,1064,,
1.131000,SEND,1,1065,,
1.131984,TX_START,1,135,,
1.131984,TX_START,1,263,,
1.132000,SEND,1,1066,,
1.133000,SEND,1,1067,,
1.133488,RECEIVE,1,133,994.488000,7.496000
1.134000,SEND,1,1068,,
1.135000,SEND,1,1069,,
1.136000,SEND,1,1070,,
1.137000,SEND,1,1071,,
1.138000,SEND,1,1072,,
1.139000,SEND,1,1073,,
1.140000,SEND,1,1074,,
1.140480,TX_START,1,136,,
1.140480,TX_START,1,264,,
1.141000,SEND,1,1075,,
1.141984,RECEIVE,1,134,1001.984000,7.496000
1.142000,SEND,1,1076,,
1.143000,SEND,1,1077,,
1.144000,SEND,1,1078,,
1.145000,SEND,1,1079,,
1.146000,SEND,1,1080,,
1.147000,SEND,1,1081,,
1.148000,SEND,1,1082,,
1.148976,TX_START,1,137,,
1.148976,TX_START,1,266,,
1.149000,SEND,1,1083,,
1.150000,SEND,1,1084,,
1.150480,RECEIVE,1,135,1009.480000,7.496000
1.151000,SEND,1,1085,,
1.152000,SEND,1,1086,,
1.153000,SEND,1,1087,,
1.154000,SEND,1,1088,,
1.155000,SEND,1,1089,,
1.156000,SEND,1,1090,,
1.157000,SEND,1,1091,,
1.157472,TX_START,1,138,,
1.157472,TX_START,1,267,,
1.158000,SEND,1,1092,,
1.158976,RECEIVE,1,136,1016.976000,7.496000
1.159000,SEND,1,1093,,
1.160000,SEND,1,1094,,
1.161000,SEND,1,1095,,
1.162000,SEND,1,1096,,
1.163000,SEND,1,1097,,
1.164000,SEND,1,1098,,
1.165000,SEND,1,1099,,
1.165968,TX_START,1,139,,
1.165968,TX_START,1,269,,
1.166000,SEND,1,1100,,
1.167000,SEND,1,1101,,
1.167472,RECEIVE,1,137,1024.472000,7.496000
1.168000,SEND,1,1102,,
1.169000,SEND,1,1103,,
1.170000,SEND,1,1104,,
1.171000,SEND,1,1105,,
1.172000,SEND,1,1106,,
1.173000,SEND,1,1107,,
1.174000,SEND,1,1108,,
1.174464,TX_START,1,141,,
1.174464,TX_START,1,270,,
1.175000,SEND,1,1109,,
1.175968,RECEIVE,1,138,1031.968000,7.496000
1.176000,SEND,1,1110,,
1.177000,SEND,1,1111,,
1.178000,SEND,1,1112,,
1.179000,SEND,1,1113,,
1.180000,SEND,1,1114,,
1.181000,SEND,1,1115,,
1.182000,SEND,1,1116,,
1.182960,TX_START,1,142,,
1.182960,TX_START,1,272,,
1.183000,SEND,1,1117,,
1.184000,SEND,1,1118,,
1.184464,RECEIVE,1,139,1039.464000,7.496000
1.185000,SEND,1,1119,,
1.186000,SEND,1,1120,,
1.187000,SEND,1,1121,,
1.188000,SEND,1,1122,,
1.189000,SEND,1,1123,,
1.190000,SEND,1,1124,,
1.191000,SEND,1,1125,,
1.191456,TX_START,1,143,,
1.191456,TX_START,1,273,,
1.192000,SEND,1,1126,,
1.192960,RECEIVE,1,141,1045.960000,6.496000
1.193000,SEND,1,1127,,
1.199952,TX_START,1,144,,
1.199952,TX_START,1,275,,
1.200000,SEND,1,1128,,
1.201000,SEND,1,1129,,
1.201456,RECEIVE,1,142,1053.456000,7.496000
1.202000,SEND,1,1130,,
1.203000,SEND,1,1131,,
1.204000,SEND,1,1132,,
1.205000,SEND,1,1133,,
1.206000,SEND,1,1134,,
1.207000,SEND,1,1135,,
1.208000,SEND,1,1136,,
1.208448,TX_START,1,145,,
1.208448,TX_START,1,276,,
1.209000,SEND,1,1137,,
1.209952,RECEIVE,1,143,1060.952000,7.496000
1.210000,SEND,1,1138,,
1.211000,SEND,1,1139,,
1.212000,SEND,1,1140,,
1.213000,SEND,1,1141,,
1.214000,SEND,1,1142,,
1.215000,SEND,1,1143,,
1.216000,SEND,1,1144,,
1.216944,TX_START,1,146,,
1.216944,TX_START,1,278,,
1.217000,SEND,1,1145,,
1.218000,SEND,1,1146,,
1.218448,RECEIVE,1,144,1068.448000,7.496000
1.219000,SEND,1,1147,,
1.220000,SEND,1,1148,,
1.221000,SEND,1,1149,,
1.222000,SEND,1,1150,,
1.223000,SEND,1,1151,,
1.224000,SEND,1,1152,,
1.225000,SEND,1,1153,,
1.225440,TX_START,1,148,,
1.225440,TX_START,1,279,,
1.226000,SEND,1,1154,,
1.226944,RECEIVE,1,145,1075.944000,7.496000
1.227000,SEND,1,1155,,
1.228000,SEND,1,1156,,
1.229000,SEND,1,1157,,
1.230000,SEND,1,1158,,
1.231000,SEND,1,1159,,
1.232000,SEND,1,1160,,
1.233000,SEND,1,1161,,
1.233936,TX_START,1,149,,
1.233936,TX_START,1,281,,
1.234000,SEND,1,1162,,
1.235000,SEND,1,1163,,
1.235440,RECEIVE,1,146,1083.440000,7.496000
1.236000,SEND,1,1164,,
1.237000,SEND,1,1165,,
1.238000,SEND,1,1166,,
1.239000,SEND,1,1167,,
1.240000,SEND,1,1168,,
1.241000,SEND,1,1169,,
1.242000,SEND,1,1170,,
1.242432,TX_START,1,150,,
1.242432,TX_START,1,282,,
1.243000,SEND,1,1171,,
1.243936,RECEIVE,1,148,1089.936000,6.496000
1.244000,SEND,1,1172,,
1.245000,SEND,1,1173,,
1.246000,SEND,1,1174,,
1.247000,SEND,1,1175,,
1.248000,SEND,1,1176,,
1.249000,SEND,1,1177,,
1.250000,SEND,1,1178,,
1.250928,TX_START,1,151,,
1.250928,TX_START,1,284,,
1.251000,SEND,1,1179,,
1.252000,SEND,1,1180,,
1.252432,RECEIVE,1,149,1097.432000,7.496000
1.253000,SEND,1,1181,,
1.254000,SEND,1,1182,,
1.255000,SEND,1,1183,,
1.256000,SEND,1,1184,,
1.257000,SEND,1,1185,,
1.258000,SEND,1,1186,,
1.259000,SEND,1,1187,,
1.259424,TX_START,1,152,,
1.259424,TX_START,1,285,,
1.260000,SEND,1,1188,,
1.260928,RECEIVE,1,150,1104.928000,7.496000
1.261000,SEND,1,1189,,
1.262000,SEND,1,1190,,
1.263000,SEND,1,1191,,
1.264000,SEND,1,1192,,
1.265000,SEND,1,1193,,
1.266000,SEND,1,1194,,
1.267000,SEND,1,1195,,
1.267920,TX_START,1,153,,
1.267920,TX_START,1,287,,
1.268000,SEND,1,1196,,
1.269000,SEND,1,1197,,
1.269424,RECEIVE,1,151,1112.424000,7.496000
1.270000,SEND,1,1198,,
1.271000,SEND,1,1199,,
1.272000,SEND,1,1200,,
1.273000,SEND,1,1201,,
1.274000,SEND,1,1202,,
1.275000,SEND,1,1203,,
1.276000,SEND,1,1204,,
1.276416,TX_START,1,154,,
1.276416,TX_START,1,288,,
1.277000,SEND,1,1205,,
1.277920,RECEIVE,1,152,1119.920000,7.496000
1.278000,SEND,1,1206,,
1.279000,SEND,1,1207,,
1.280000,SEND,1,1208,,
1.281000,SEND,1,1209,,
1.282000,SEND,1,1210,,
1.283000,SEND,1,1211,,
1.284000,SEND,1,1212,,
1.284912,TX_START,1,156,,
1.284912,TX_START,1,290,,
1.285000,SEND,1,1213,,
1.286000,SEND,1,1214,,
1.286416,RECEIVE,1,153,1127.416000,7.496000
1.287000,SEND,1,1215,,
1.288000,SEND,1,1216,,
1.289000,SEND,1,1217,,
1.290000,SEND,1,1218,,
1.291000,SEND,1,1219,,
1.292000,SEND,1,1220,,
1.293000,SEND,1,1221,,
1.293408,TX_START,1,157,,
1.293408,TX_START,1,291,,
1.294912,RECEIVE,1,154,1134.912000,7.496000
1.300000,SEND,1,1222,,
1.301000,SEND,1,1223,,
1.301904,TX_START,1,158,,
1.301904,TX_START,1,293,,
1.302000,SEND,1,1224,,
1.303000,SEND,1,1225,,
1.303408,RECEIVE,1,156,1141.408000,6.496000
1.304000,SEND,1,1226,,
1.305000,SEND,1,1227,,
1.306000,SEND,1,1228,,
1.307000,SEND,1,1229,,
1.308000,SEND,1,1230,,
1.309000,SEND,1,1231,,
1.310000,SEND,1,1232,,
1.310400,TX_START,1,159,,
1.310400,TX_START,1,294,,
1.311000,SEND,1,1233,,
1.311904,RECEIVE,1,157,1148.904000,7.496000
1.312000,SEND,1,1234,,
1.313000,SEND,1,1235,,
1.314000,SEND,1,1236,,
1.315000,SEND,1,1237,,
1.316000,SEND,1,1238,,
1.317000,SEND,1,1239,,
1.318000,SEND,1,1240,,
1.318896,TX_START,1,160,,
1.318896,TX_START,1,296,,
1.319000,SEND,1,1241,,
1.320000,SEND,1,1242,,
1.320400,RECEIVE,1,158,1156.400000,7.496000
1.321000,SEND,1,1243,,
1.322000,SEND,1,1244,,
1.323000,SEND,1,1245,,
1.324000,SEND,1,1246,,
1.325000,SEND,1,1247,,
1.326000,SEND,1,1248,,
1.327000,SEND,1,1249,,
1.327392,TX_START,1,161,,
1.327392,TX_START,1,297,,
1.328000,SEND,1,1250,,
1.328896,RECEIVE,1,159,1163.896000,7.496000
1.329000,SEND,1,1251,,
1.330000,SEND,1,1252,,
1.331000,SEND,1,1253,,
1.332000,SEND,1,1254,,
1.333000,SEND,1,1255,,
1.334000,SEND,1,1256,,
1.335000,SEND,1,1257,,
1.335888,TX_START,1,163,,
1.335888,TX_START,1,299,,
1.336000,SEND,1,1258,,
1.337000,SEND,1,1259,,
1.337392,RECEIVE,1,160,1171.392000,7.496000
1.338000,SEND,1,1260,,
1.339000,SEND,1,1261,,
1.340000,SEND,1,1262,,
1.341000,SEND,1,1263,,
1.342000,SEND,1,1264,,
1.343000,SEND,1,1265,,
1.344000,SEND,1,1266,,
1.344384,TX_START,1,164,,
1.344384,TX_START,1,300,,
1.345000,SEND,1,1267,,
1.345888,RECEIVE,1,161,1178.888000,7.496000
1.346000,SEND,1,1268,,
1.347000,SEND,1,1269,,
1.348000,SEND,1,1270,,
1.349000,SEND,1,1271,,
1.350000,SEND,1,1272,,
1.351000,SEND,1,1273,,
1.352000,SEND,1,1274,,
1.352880,TX_START,1,165,,
1.352880,TX_START,1,302,,
1.353000,SEND,1,1275,,
1.354000,SEND,1,1276,,
1.354384,RECEIVE,1,163,1185.384000,6.496000
1.355000,SEND,1,1277,,
1.356000,SEND,1,1278,,
1.357000,SEND,1,1279,,
1.358000,SEND,1,1280,,
1.359000,SEND,1,1281,,
1.360000,SEND,1,1282,,
1.361000,SEND,1,1283,,
1.361376,TX_START,1,166,,
1.361376,TX_START,1,304,,
1.362000,SEND,1,1284,,
1.362880,RECEIVE,1,164,1192.880000,7.496000
1.363000,SEND,1,1285,,
1.364000,SEND,1,1286,,
1.365000,SEND,1,1287,,
1.366000,SEND,1,1288,,
1.367000,SEND,1,1289,,
1.368000,SEND,1,1290,,
1.369000,SEND,1,1291,,
1.369872,TX_START,1,167,,
1.369872,TX_START,1,305,,
1.370000,SEND,1,1292,,
1.371000,SEND,1,1293,,
1.371376,RECEIVE,1,165,1200.376000,7.496000
1.372000,SEND,1,1294,,
1.373000,SEND,1,1295,,
1.374000,SEND,1,1296,,
1.375000,SEND,1,1297,,
1.376000,SEND,1,1298,,
1.377000,SEND,1,1299,,
1.378000,SEND,1,1300,,
1.378368,TX_START,1,169,,
1.378368,TX_START,1,307,,
1.379000,SEND,1,1301,,
1.379872,RECEIVE,1,166,1207.872000,7.496000
1.380000,SEND,1,1302,,
1.381000,SEND,1,1303,,
1.382000,SEND,1,1304,,
1.383000,SEND,1,1305,,
1.384000,SEND,1,1306,,
1.385000,SEND,1,1307,,
1.386000,SEND,1,1308,,
1.386864,TX_START,1,170,,
1.386864,TX_START,1,308,,
1.387000,SEND,1,1309,,
1.388000,SEND,1,1310,,
1.388368,RECEIVE,1,167,1215.368000,7.496000
1.389000,SEND,1,1311,,
1.390000,SEND,1,1312,,
1.391000,SEND,1,1313,,
1.392000,SEND,1,1314,,
1.393000,SEND,1,1315,,
1.395360,TX_START,1,171,,
1.395360,TX_START,1,310,,
1.396864,RECEIVE,1,169,1221.864000,6.496000
1.400000,SEND,1,1316,,
1.401000,SEND,1,1317,,
1.402000,SEND,1,1318,,
1.403000,SEND,1,1319,,
1.403856,TX_START,1,172,,
1.403856,TX_START,1,311,,
1.404000,SEND,1,1320,,
1.405000,SEND,1,1321,,
1.405360,RECEIVE,1,170,1229.360000,7.496000
1.406000,SEND,1,1322,,
1.407000,SEND,1,1323,,
1.408000,SEND,1,1324,,
1.409000,SEND,1,1325,,
1.410000,SEND,1,1326,,
1.411000,SEND,1,1327,,
1.412000,SEND,1,1328,,
1.412352,TX_START,1,174,,
1.412352,TX_START,1,313,,
1.413000,SEND,1,1329,,
1.413856,RECEIVE,1,171,1236.856000,7.496000
1.414000,SEND,1,1330,,
1.415000,SEND,1,1331,,
1.416000,SEND,1,1332,,
1.417000,SEND,1,1333,,
1.418000,SEND,1,1334,,
1.419000,SEND,1,1335,,
1.420000,SEND,1,1336,,
1.420848,TX_START,1,175,,
1.420848,TX_START,1,314,,
1.421000,SEND,1,1337,,
1.422000,SEND,1,1338,,
1.422352,RECEIVE,1,172,1244.352000,7.496000
1.423000,SEND,1,1339,,
1.424000,SEND,1,1340,,
1.425000,SEND,1,1341,,
1.426000,SEND,1,1342,,
1.427000,SEND,1,1343,,
1.428000,SEND,1,1344,,
1.429000,SEND,1,1345,,
1.429344,TX_START,1,176,,
1.429344,TX_START,1,316,,
1.430000,SEND,1,1346,,
1.430848,RECEIVE,1,174,1250.848000,6.496000
1.431000,SEND,1,1347,,
1.432000,SEND,1,1348,,
1.433000,SEND,1,1349,,
1.434000,SEND,1,1350,,
1.435000,SEND,1,1351,,
1.436000,SEND,1,1352,,
1.437000,SEND,1,1353,,
1.437840,TX_START,1,177,,
1.437840,TX_START,1,318,,
1.438000,SEND,1,1354,,
1.439000,SEND,1,1355,,
1.439344,RECEIVE,1,175,1258.344000,7.496000
1.440000,SEND,1,1356,,
1.441000,SEND,1,1357,,
1.442000,SEND,1,1358,,
1.443000,SEND,1,1359,,
1.444000,SEND,1,1360,,
1.445000,SEND,1,1361,,
1.446000,SEND,1,1362,,
1.446336,TX_START,1,178,,
1.446336,TX_START,1,319,,
1.447000,SEND,1,1363,,
1.447840,RECEIVE,1,176,1265.840000,7.496000
1.448000,SEND,1,1364,,
1.449000,SEND,1,1365,,
1.450000,SEND,1,1366,,
1.451000,SEND,1,1367,,
1.452000,SEND,1,1368,,
1.453000,SEND,1,1369,,
1.454000,SEND,1,1370,,
1.454832,TX_START,1,180,,
1.454832,TX_START,1,321,,
1.455000,SEND,1,1371,,
1.456000,SEND,1,1372,,
1.456336,RECEIVE,1,177,1273.336000,7.496000
1.457000,SEND,1,1373,,
1.458000,SEND,1,1374,,
1.459000,SEND,1,1375,,
1.460000,SEND,1,1376,,
1.461000,SEND,1,1377,,
1.462000,SEND,1,1378,,
1.463000,SEND,1,1379,,
1.463328,TX_START,1,181,,
1.463328,TX_START,1,322,,
1.464000,SEND,1,1380,,
1.464832,RECEIVE,1,178,1280.832000,7.496000
1.465000,SEND,1,1381,,
1.466000,SEND,1,1382,,
1.467000,SEND,1,1383,,
1.468000,SEND,1,1384,,
1.469000,SEND,1,1385,,
1.470000,SEND,1,1386,,
1.471000,SEND,1,1387,,
1.471824,TX_START,1,182,,
1.471824,TX_START,1,324,,
1.472000,SEND,1,1388,,
1.473000,SEND,1,1389,,
1.473328,RECEIVE,1,180,1287.328000,6.496000
1.474000,SEND,1,1390,,
1.475000,SEND,1,1391,,
1.476000,SEND,1,1392,,
1.477000,SEND,1,1393,,
1.478000,SEND,1,1394,,
1.479000,SEND,1,1395,,
1.480000,SEND,1,1396,,
1.480320,TX_START,1,183,,
1.480320,TX_START,1,326,,
1.481000,SEND,1,1397,,
1.481824,RECEIVE,1,181,1294.824000,7.496000
1.482000,SEND,1,1398,,
1.483000,SEND,1,1399,,
1.484000,SEND,1,1400,,
1.485000,SEND,1,1401,,
1.486000,SEND,1,1402,,
1.487000,SEND,1,1403,,
1.488000,SEND,1,1404,,
1.488816,TX_START,1,185,,
1.488816,TX_START,1,327,,
1.489000,SEND,1,1405,,
1.490000,SEND,1,1406,,
1.490320,RECEIVE,1,182,1302.320000,7.496000
1.491000,SEND,1,1407,,
1.492000,SEND,1,1408,,
1.493000,SEND,1,1409,,
1.497312,TX_START,1,186,,
1.497312,TX_START,1,329,,
1.498816,RECEIVE,1,183,1309.816000,7.496000
1.500000,SEND,1,1410,,
1.501000,SEND,1,1411,,
1.502000,SEND,1,1412,,
1.503000,SEND,1,1413,,
1.504000,SEND,1,1414,,
1.505000,SEND,1,1415,,
1.505808,TX_START,1,187,,
1.505808,TX_START,1,330,,
1.506000,SEND,1,1416,,
1.507000,SEND,1,1417,,
1.507312,RECEIVE,1,185,1316.312000,6.496000
1.507824,TX_START,1,188,,
1.507824,TX_START,1,332,,
1.508000,SEND,1,1418,,
1.509000,SEND,1,1419,,
1.510000,SEND,1,1420,,
1.511000,SEND,1,1421,,
1.512000,SEND,1,1422,,
1.513000,SEND,1,1423,,
1.514000,SEND,1,1424,,
1.515000,SEND,1,1425,,
1.515808,RECEIVE,1,186,1323.808000,7.496000
1.516000,SEND,1,1426,,
1.516320,TX_START,1,190,,
1.516320,TX_START,1,333,,
1.517000,SEND,1,1427,,
1.517824,RECEIVE,1,187,1324.824000,1.016000
1.518000,SEND,1,1428,,
1.519000,SEND,1,1429,,
1.520000,SEND,1,1430,,
1.521000,SEND,1,1431,,
1.522000,SEND,1,1432,,
1.523000,SEND,1,1433,,
1.524000,SEND,1,1434,,
1.524816,TX_START,1,191,,
1.524816,TX_START,1,335,,
1.525000,SEND,1,1435,,
1.526000,SEND,1,1436,,
1.526320,RECEIVE,1,188,1326.320000,1.496000
1.527000,SEND,1,1437,,
1.528000,SEND,1,1438,,
1.529000,SEND,1,1439,,
1.530000,SEND,1,1440,,
1.531000,SEND,1,1441,,
1.532000,SEND,1,1442,,
1.533000,SEND,1,1443,,
1.533312,TX_START,1,192,,
1.533312,TX_START,1,336,,
1.534000,SEND,1,1444,,
1.534816,RECEIVE,1,190,1332.816000,6.496000
1.535000,SEND,1,1445,,
1.536000,SEND,1,1446,,
1.537000,SEND,1,1447,,
1.538000,SEND,1,1448,,
1.539000,SEND,1,1449,,
1.540000,SEND,1,1450,,
1.541000,SEND,1,1451,,
1.541808,TX_START,1,193,,
1.541808,TX_START,1,338,,
1.542000,SEND,1,1452,,
1.543000,SEND,1,1453,,
1.543312,RECEIVE,1,191,1340.312000,7.496000
1.544000,SEND,1,1454,,
1.545000,SEND,1,1455,,
1.546000,SEND,1,1456,,
1.547000,SEND,1,1457,,
1.548000,SEND,1,1458,,
1.549000,SEND,1,1459,,
1.550000,SEND,1,1460,,
1.550304,TX_START,1,195,,
1.550304,TX_START,1,340,,
1.551000,SEND,1,1461,,
1.551808,RECEIVE,1,192,1347.808000,7.496000
1.552000,SEND,1,1462,,
1.553000,SEND,1,1463,,
1.554000,SEND,1,1464,,
1.555000,SEND,1,1465,,
1.556000,SEND,1,1466,,
1.557000,SEND,1,1467,,
1.558000,SEND,1,1468,,
1.558800,TX_START,1,196,,
1.558800,TX_START,1,341,,
1.559000,SEND,1,1469,,
1.560000,SEND,1,1470,,
1.560304,RECEIVE,1,193,1355.304000,7.496000
1.561000,SEND,1,1471,,
1.562000,SEND,1,1472,,
1.563000,SEND,1,1473,,
1.564000,SEND,1,1474,,
1.565000,SEND,1,1475,,
1.566000,SEND,1,1476,,
1.567000,SEND,1,1477,,
1.567296,TX_START,1,197,,
1.567296,TX_START,1,343,,
1.568000,SEND,1,1478,,
1.568800,RECEIVE,1,195,1361.800000,6.496000
1.569000,SEND,1,1479,,
1.570000,SEND,1,1480,,
1.571000,SEND,1,1481,,
1.572000,SEND,1,1482,,
1.573000,SEND,1,1483,,
1.574000,SEND,1,1484,,
1.575000,SEND,1,1485,,
1.575792,TX_START,1,199,,
1.575792,TX_START,1,345,,
1.576000,SEND,1,1486,,
1.577000,SEND,1,1487,,
1.577296,RECEIVE,1,196,1369.296000,7.496000
1.578000,SEND,1,1488,,
1.579000,SEND,1,1489,,
1.580000,SEND,1,1490,,
1.581000,SEND,1,1491,,
1.582000,SEND,1,1492,,
1.583000,SEND,1,1493,,
1.584000,SEND,1,1494,,
1.584288,TX_START,1,200,,
1.584288,TX_START,1,346,,
1.585000,SEND,1,1495,,
1.585792,RECEIVE,1,197,1376.792000,7.496000
1.586000,SEND,1,1496,,
1.587000,SEND,1,1497,,
1.588000,SEND,1,1498,,
1.589000,SEND,1,1499,,
1.590000,SEND,1,1500,,
1.591000,SEND,1,1501,,
1.592000,SEND,1,1502,,
1.592784,TX_START,1,201,,
1.592784,TX_START,1,348,,
1.593000,SEND,1,1503,,
1.594288,RECEIVE,1,199,1383.288000,6.496000
1.600000,SEND,1,1504,,
1.601000,SEND,1,1505,,
1.601280,TX_START,1,202,,
1.601280,TX_START,1,350,,
1.602000,SEND,1,1506,,
1.602784,RECEIVE,1,200,1390.784000,7.496000
1.603000,SEND,1,1507,,
1.604000,SEND,1,1508,,
1.605000,SEND,1,1509,,
1.606000,SEND,1,1510,,
1.607000,SEND,1,1511,,
1.608000,SEND,1,1512,,
1.609000,SEND,1,1513,,
1.609776,TX_START,1,204,,
1.609776,TX_START,1,351,,
1.610000,SEND,1,1514,,
1.611000,SEND,1,1515,,
1.611280,RECEIVE,1,201,1398.280000,7.496000
1.612000,SEND,1,1516,,
1.613000,SEND,1,1517,,
1.614000,SEND,1,1518,,
1.615000,SEND,1,1519,,
1.616000,SEND,1,1520,,
1.617000,SEND,1,1521,,
1.618000,SEND,1,1522,,
1.618272,TX_START,1,205,,
1.618272,TX_START,1,353,,
1.619000,SEND,1,1523,,
1.619776,RECEIVE,1,202,1405.776000,7.496000
1.620000,SEND,1,1524,,
1.621000,SEND,1,1525,,
1.622000,SEND,1,1526,,
1.623000,SEND,1,1527,,
1.624000,SEND,1,1528,,
1.625000,SEND,1,1529,,
1.626000,SEND,1,1530,,
1.626768,TX_START,1,206,,
1.626768,TX_START,1,355,,
1.627000,SEND,1,1531,,
1.628000,SEND,1,1532,,
1.628272,RECEIVE,1,204,1412.272000,6.496000
1.629000,SEND,1,1533,,
1.630000,SEND,1,1534,,
1.631000,SEND,1,1535,,
1.632000,SEND,1,1536,,
1.633000,SEND,1,1537,,
1.634000,SEND,1,1538,,
1.635000,SEND,1,1539,,
1.635264,TX_START,1,207,,
1.635264,TX_START,1,356,,
1.636000,SEND,1,1540,,
1.636768,RECEIVE,1,205,1419.768000,7.496000
1.637000,SEND,1,1541,,
1.638000,SEND,1,1542,,
1.639000,SEND,1,1543,,
1.640000,SEND,1,1544,,
1.641000,SEND,1,1545,,
1.642000,SEND,1,1546,,
1.643000,SEND,1,1547,,
1.643760,TX_START,1,209,,
1.643760,TX_START,1,358,,
1.644000,SEND,1,1548,,
1.645000,SEND,1,1549,,
1.645264,RECEIVE,1,206,1427.264000,7.496000
1.646000,SEND,1,1550,,
1.647000,SEND,1,1551,,
1.648000,SEND,1,1552,,
1.649000,SEND,1,1553,,
1.650000,SEND,1,1554,,
1.651000,SEND,1,1555,,
1.652000,SEND,1,1556,,
1.652256,TX_START,1,210,,
1.652256,TX_START,1,360,,
1.653000,SEND,1,1557,,
1.653760,RECEIVE,1,207,1434.760000,7.496000
1.654000,SEND,1,1558,,
1.655000,SEND,1,1559,,
1.656000,SEND,1,1560,,
1.657000,SEND,1,1561,,
1.658000,SEND,1,1562,,
1.659000,SEND,1,1563,,
1.660000,SEND,1,1564,,
1.660752,TX_START,1,211,,
1.660752,TX_START,1,361,,
1.661000,SEND,1,1565,,
1.662000,SEND,1,1566,,
1.662256,RECEIVE,1,209,1441.256000,6.496000
1.663000,SEND,1,1567,,
1.664000,SEND,1,1568,,
1.665000,SEND,1,1569,,
1.666000,SEND,1,1570,,
1.667000,SEND,1,1571,,
1.668000,SEND,1,1572,,
1.669000,SEND,1,1573,,
1.669248,TX_START,1,213,,
1.669248,TX_START,1,363,,
1.670000,SEND,1,1574,,
1.670752,RECEIVE,1,210,1448.752000,7.496000
1.671000,SEND,1,1575,,
1.672000,SEND,1,1576,,
1.673000,SEND,1,1577,,
1.674000,SEND,1,1578,,
1.675000,SEND,1,1579,,
1.676000,SEND,1,1580,,
1.677000,SEND,1,1581,,
1.677744,TX_START,1,214,,
1.677744,TX_START,1,365,,
1.678000,SEND,1,1582,,
1.679000,SEND,1,1583,,
1.679248,RECEIVE,1,211,1456.248000,7.496000
1.680000,SEND,1,1584,,
1.681000,SEND,1,1585,,
1.682000,SEND,1,1586,,
1.683000,SEND,1,1587,,
1.684000,SEND,1,1588,,
1.685000,SEND,1,1589,,
1.686000,SEND,1,1590,,
1.686240,TX_START,1,215,,
1.686240,TX_START,1,366,,
1.687000,SEND,1,1591,,
1.687744,RECEIVE,1,213,1462.744000,6.496000
1.688000,SEND,1,1592,,
1.689000,SEND,1,1593,,
1.690000,SEND,1,1594,,
1.691000,SEND,1,1595,,
1.692000,SEND,1,1596,,
1.693000,SEND,1,1597,,
1.694736,TX_START,1,217,,
1.694736,TX_START,1,368,,
1.696240,RECEIVE,1,214,1470.240000,7.496000
1.700000,SEND,1,1598,,
1.701000,SEND,1,1599,,
1.702000,SEND,1,1600,,
1.703000,SEND,1,1601,,
1.703232,TX_START,1,218,,
1.703232,TX_START,1,370,,
1.704000,SEND,1,1602,,
1.704736,RECEIVE,1,215,1477.736000,7.496000
1.705000,SEND,1,1603,,
1.706000,SEND,1,1604,,
1.707000,SEND,1,1605,,
1.708000,SEND,1,1606,,
1.709000,SEND,1,1607,,
1.710000,SEND,1,1608,,
1.711000,SEND,1,1609,,
1.711728,TX_START,1,219,,
1.711728,TX_START,1,371,,
1.712000,SEND,1,1610,,
1.713000,SEND,1,1611,,
1.713232,RECEIVE,1,217,1484.232000,6.496000
1.714000,SEND,1,1612,,
1.715000,SEND,1,1613,,
1.716000,SEND,1,1614,,
1.717000,SEND,1,1615,,
1.718000,SEND,1,1616,,
1.719000,SEND,1,1617,,
1.720000,SEND,1,1618,,
1.720224,TX_START,1,221,,
1.720224,TX_START,1,373,,
1.721000,SEND,1,1619,,
1.721728,RECEIVE,1,218,1491.728000,7.496000
1.722000,SEND,1,1620,,
1.723000,SEND,1,1621,,
1.724000,SEND,1,1622,,
1.725000,SEND,1,1623,,
1.726000,SEND,1,1624,,
1.727000,SEND,1,1625,,
1.728000,SEND,1,1626,,
1.728720,TX_START,1,222,,
1.728720,TX_START,1,375,,
1.729000,SEND,1,1627,,
1.730000,SEND,1,1628,,
1.730224,RECEIVE,1,219,1499.224000,7.496000
1.731000,SEND,1,1629,,
1.732000,SEND,1,1630,,
1.733000,SEND,1,1631,,
1.734000,SEND,1,1632,,
1.735000,SEND,1,1633,,
1.736000,SEND,1,1634,,
1.737000,SEND,1,1635,,
1.737216,TX_START,1,223,,
1.737216,TX_START,1,377,,
1.738000,SEND,1,1636,,
1.738720,RECEIVE,1,221,1505.720000,6.496000
1.739000,SEND,1,1637,,
1.740000,SEND,1,1638,,
1.741000,SEND,1,1639,,
1.742000,SEND,1,1640,,
1.743000,SEND,1,1641,,
1.744000,SEND,1,1642,,
1.745000,SEND,1,1643,,
1.745712,TX_START,1,225,,
1.745712,TX_START,1,378,,
1.746000,SEND,1,1644,,
1.747000,SEND,1,1645,,
1.747216,RECEIVE,1,222,1513.216000,7.496000
1.748000,SEND,1,1646,,
1.749000,SEND,1,1647,,
1.750000,SEND,1,1648,,
1.751000,SEND,1,1649,,
1.752000,SEND,1,1650,,
1.753000,SEND,1,1651,,
1.754000,SEND,1,1652,,
1.754208,TX_START,1,226,,
1.754208,TX_START,1,380,,
1.755000,SEND,1,1653,,
1.755712,RECEIVE,1,223,1520.712000,7.496000
1.756000,SEND,1,1654,,
1.757000,SEND,1,1655,,
1.758000,SEND,1,1656,,
1.759000,SEND,1,1657,,
1.760000,SEND,1,1658,,
1.761000,SEND,1,1659,,
1.762000,SEND,1,1660,,
1.762704,TX_START,1,228,,
1.762704,TX_START,1,382,,
1.763000,SEND,1,1661,,
1.764000,SEND,1,1662,,
1.764208,RECEIVE,1,225,1527.208000,6.496000
1.765000,SEND,1,1663,,
1.766000,SEND,1,1664,,
1.767000,SEND,1,1665,,
1.768000,SEND,1,1666,,
1.769000,SEND,1,1667,,
1.770000,SEND,1,1668,,
1.771000,SEND,1,1669,,
1.771200,TX_START,1,229,,
1.771200,TX_START,1,383,,
1.772000,SEND,1,1670,,
1.772704,RECEIVE,1,226,1534.704000,7.496000
1.773000,SEND,1,1671,,
1.774000,SEND,1,1672,,
1.775000,SEND,1,1673,,
1.776000,SEND,1,1674,,
1.777000,SEND,1,1675,,
1.778000,SEND,1,1676,,
1.779000,SEND,1,1677,,
1.779696,TX_START,1,230,,
1.779696,TX_START,1,385,,
1.780000,SEND,1,1678,,
1.781000,SEND,1,1679,,
1.781200,RECEIVE,1,228,1541.200000,6.496000
1.782000,SEND,1,1680,,
1.783000,SEND,1,1681,,
1.784000,SEND,1,1682,,
1.785000,SEND,1,1683,,
1.786000,SEND,1,1684,,
1.787000,SEND,1,1685,,
1.788000,SEND,1,1686,,
1.788192,TX_START,1,232,,
1.788192,TX_START,1,387,,
1.789000,SEND,1,1687,,
1.789696,RECEIVE,1,229,1548.696000,7.496000
1.790000,SEND,1,1688,,
1.791000,SEND,1,1689,,
1.792000,SEND,1,1690,,
1.793000,SEND,1,1691,,
1.796688,TX_START,1,233,,
1.796688,TX_START,1,389,,
1.798192,RECEIVE,1,230,1556.192000,7.496000
1.800000,SEND,1,1692,,
1.801000,SEND,1,1693,,
1.802000,SEND,1,1694,,
1.803000,SEND,1,1695,,
1.804000,SEND,1,1696,,
1.805000,SEND,1,1697,,
1.805184,TX_START,1,234,,
1.805184,TX_START,1,390,,
1.806000,SEND,1,1698,,
1.806688,RECEIVE,1,232,1562.688000,6.496000
1.807000,SEND,1,1699,,
1.808000,SEND,1,1700,,
1.809000,SEND,1,1701,,
1.810000,SEND,1,1702,,
1.811000,SEND,1,1703,,
1.812000,SEND,1,1704,,
1.813000,SEND,1,1705,,
1.813680,TX_START,1,236,,
1.813680,TX_START,1,392,,
1.814000,SEND,1,1706,,
1.815000,SEND,1,1707,,
1.815184,RECEIVE,1,233,1570.184000,7.496000
1.816000,SEND,1,1708,,
1.817000,SEND,1,1709,,
1.818000,SEND,1,1710,,
1.819000,SEND,1,1711,,
1.820000,SEND,1,1712,,
1.821000,SEND,1,1713,,
1.822000,SEND,1,1714,,
1.822176,TX_START,1,237,,
1.822176,TX_START,1,394,,
1.823000,SEND,1,1715,,
1.823680,RECEIVE,1,234,1577.680000,7.496000
1.824000,SEND,1,1716,,
1.825000,SEND,1,1717,,
1.826000,SEND,1,1718,,
1.827000,SEND,1,1719,,
1.828000,SEND,1,1720,,
1.829000,SEND,1,1721,,
1.830000,SEND,1,1722,,
1.830672,TX_START,1,239,,
1.830672,TX_START,1,396,,
1.831000,SEND,1,1723,,
1.832000,SEND,1,1724,,
1.832176,RECEIVE,1,236,1584.176000,6.496000
1.833000,SEND,1,1725,,
1.834000,SEND,1,1726,,
1.835000,SEND,1,1727,,
1.836000,SEND,1,1728,,
1.837000,SEND,1,1729,,
1.838000,SEND,1,1730,,
1.839000,SEND,1,1731,,
1.839168,TX_START,1,240,,
1.839168,TX_START,1,397,,
1.840000,SEND,1,1732,,
1.840672,RECEIVE,1,237,1591.672000,7.496000
1.841000,SEND,1,1733,,
1.842000,SEND,1,1734,,
1.843000,SEND,1,1735,,
1.844000,SEND,1,1736,,
1.845000,SEND,1,1737,,
1.846000,SEND,1,1738,,
1.847000,SEND,1,1739,,
1.847664,TX_START,1,241,,
1.847664,TX_START,1,399,,
1.848000,SEND,1,1740,,
1.849000,SEND,1,1741,,
1.849168,RECEIVE,1,239,1598.168000,6.496000
1.850000,SEND,1,1742,,
1.851000,SEND,1,1743,,
1.852000,SEND,1,1744,,
1.853000,SEND,1,1745,,
1.854000,SEND,1,1746,,
1.855000,SEND,1,1747,,
1.856000,SEND,1,1748,,
1.856160,TX_START,1,243,,
1.856160,TX_START,1,401,,
1.857000,SEND,1,1749,,
1.857664,RECEIVE,1,240,1605.664000,7.496000
1.858000,SEND,1,1750,,
1.859000,SEND,1,1751,,
1.860000,SEND,1,1752,,
1.861000,SEND,1,1753,,
1.862000,SEND,1,1754,,
1.863000,SEND,1,1755,,
1.864000,SEND,1,1756,,
1.864656,TX_START,1,244,,
1.864656,TX_START,1,403,,
1.865000,SEND,1,1757,,
1.866000,SEND,1,1758,,
1.866160,RECEIVE,1,241,1613.160000,7.496000
1.867000,SEND,1,1759,,
1.868000,SEND,1,1760,,
1.869000,SEND,1,1761,,
1.870000,SEND,1,1762,,
1.871000,SEND,1,1763,,
1.872000,SEND,1,1764,,
1.873000,SEND,1,1765,,
1.873152,TX_START,1,246,,
1.873152,TX_START,1,404,,
1.874000,SEND,1,1766,,
1.874656,RECEIVE,1,243,1619.656000,6.496000
1.875000,SEND,1,1767,,
1.876000,SEND,1,1768,,
1.877000,SEND,1,1769,,
1.878000,SEND,1,1770,,
1.879000,SEND,1,1771,,
1.880000,SEND,1,1772,,
1.881000,SEND,1,1773,,
1.881648,TX_START,1,247,,
1.881648,TX_START,1,406,,
1.882000,SEND,1,1774,,
1.883000,SEND,1,1775,,
1.883152,RECEIVE,1,244,1627.152000,7.496000
1.884000,SEND,1,1776,,
1.885000,SEND,1,1777,,
1.886000,SEND,1,1778,,
1.887000,SEND,1,1779,,
1.888000,SEND,1,1780,,
1.889000,SEND,1,1781,,
1.890000,SEND,1,1782,,
1.890144,TX_START,1,248,,
1.890144,TX_START,1,408,,
1.891000,SEND,1,1783,,
1.891648,RECEIVE,1,246,1633.648000,6.496000
1.892000,SEND,1,1784,,
1.893000,SEND,1,1785,,
1.898640,TX_START,1,250,,
1.898640,TX_START,1,410,,
1.900000,SEND,1,1786,,
1.900144,RECEIVE,1,247,1641.144000,7.496000
1.901000,SEND,1,1787,,
1.902000,SEND,1,1788,,
1.903000,SEND,1,1789,,
1.904000,SEND,1,1790,,
1.905000,SEND,1,1791,,
1.906000,SEND,1,1792,,
1.907000,SEND,1,1793,,
1.907136,TX_START,1,251,,
1.907136,TX_START,1,412,,
1.908000,SEND,1,1794,,
1.908640,RECEIVE,1,248,1648.640000,7.496000
1.909000,SEND,1,1795,,
1.910000,SEND,1,1796,,
1.911000,SEND,1,1797,,
1.912000,SEND,1,1798,,
1.913000,SEND,1,1799,,
1.914000,SEND,1,1800,,
1.915000,SEND,1,1801,,
1.915632,TX_START,1,253,,
1.915632,TX_START,1,413,,
1.916000,SEND,1,1802,,
1.917000,SEND,1,1803,,
1.917136,RECEIVE,1,250,1655.136000,6.496000
1.918000,SEND,1,1804,,
1.919000,SEND,1,1805,,
1.920000,SEND,1,1806,,
1.921000,SEND,1,1807,,
1.922000,SEND,1,1808,,
1.923000,SEND,1,1809,,
1.924000,SEND,1,1810,,
1.924128,TX_START,1,254,,
1.924128,TX_START,1,415,,
1.925000,SEND,1,1811,,
1.925632,RECEIVE,1,251,1662.632000,7.496000
1.926000,SEND,1,1812,,
1.927000,SEND,1,1813,,
1.928000,SEND,1,1814,,
1.929000,SEND,1,1815,,
1.930000,SEND,1,1816,,
1.931000,SEND,1,1817,,
1.932000,SEND,1,1818,,
1.932624,TX_START,1,256,,
1.932624,TX_START,1,417,,
1.933000,SEND,1,1819,,
1.934000,SEND,1,1820,,
1.934128,RECEIVE,1,253,1669.128000,6.496000
1.935000,SEND,1,1821,,
1.936000,SEND,1,1822,,
1.937000,SEND,1,1823,,
1.938000,SEND,1,1824,,
1.939000,SEND,1,1825,,
1.940000,SEND,1,1826,,
1.941000,SEND,1,1827,,
1.941120,TX_START,1,257,,
1.941120,TX_START,1,419,,
1.942000,SEND,1,1828,,
1.942624,RECEIVE,1,254,1676.624000,7.496000
1.943000,SEND,1,1829,,
1.944000,SEND,1,1830,,
1.945000,SEND,1,1831,,
1.946000,SEND,1,1832,,
1.947000,SEND,1,1833,,
1.948000,SEND,1,1834,,
1.949000,SEND,1,1835,,
1.949616,TX_START,1,259,,
1.949616,TX_START,1,421,,
1.950000,SEND,1,1836,,
1.951000,SEND,1,1837,,
1.951120,RECEIVE,1,256,1683.120000,6.496000
1.952000,SEND,1,1838,,
1.953000,SEND,1,1839,,
1.954000,SEND,1,1840,,
1.955000,SEND,1,1841,,
1.956000,SEND,1,1842,,
1.957000,SEND,1,1843,,
1.958000,SEND,1,1844,,
1.958112,TX_START,1,260,,
1.958112,TX_START,1,422,,
1.959000,SEND,1,1845,,
1.959616,RECEIVE,1,257,1690.616000,7.496000
1.960000,SEND,1,1846,,
1.961000,SEND,1,1847,,
1.962000,SEND,1,1848,,
1.963000,SEND,1,1849,,
1.964000,SEND,1,1850,,
1.965000,SEND,1,1851,,
1.966000,SEND,1,1852,,
1.966608,TX_START,1,261,,
1.966608,TX_START,1,424,,
1.967000,SEND,1,1853,,
1.968000,SEND,1,1854,,
1.968112,RECEIVE,1,259,1697.112000,6.496000
1.969000,SEND,1,1855,,
1.970000,SEND,1,1856,,
1.971000,SEND,1,1857,,
1.972000,SEND,1,1858,,
1.973000,SEND,1,1859,,
1.974000,SEND,1,1860,,
1.975000,SEND,1,1861,,
1.975104,TX_START,1,263,,
1.975104,TX_START,1,426,,
1.976000,SEND,1,1862,,
1.976608,RECEIVE,1,260,1704.608000,7.496000
1.977000,SEND,1,1863,,
1.978000,SEND,1,1864,,
1.979000,SEND,1,1865,,
1.980000,SEND,1,1866,,
1.981000,SEND,1,1867,,
1.982000,SEND,1,1868,,
1.983000,SEND,1,1869,,
1.983600,TX_START,1,264,,
1.983600,TX_START,1,428,,
1.984000,SEND,1,1870,,
1.985000,SEND,1,1871,,
1.985104,RECEIVE,1,261,1712.104000,7.496000
1.986000,SEND,1,1872,,
1.987000,SEND,1,1873,,
1.988000,SEND,1,1874,,
1.989000,SEND,1,1875,,
1.990000,SEND,1,1876,,
1.991000,SEND,1,1877,,
1.992000,SEND,1,1878,,
1.992096,TX_START,1,266,,
1.992096,TX_START,1,430,,
1.993000,SEND,1,1879,,
1.993600,RECEIVE,1,263,1718.600000,6.496000
2.000000,SEND,1,1880,,
2.000592,TX_START,1,267,,
2.000592,TX_START,1,431,,
2.001000,SEND,1,1881,,
2.002000,SEND,1,1882,,
2.002096,RECEIVE,1,264,1726.096000,7.496000
2.003000,SEND,1,1883,,
2.004000,SEND,1,1884,,
2.005000,SEND,1,1885,,
2.006000,SEND,1,1886,,
2.007000,SEND,1,1887,,
2.008000,SEND,1,1888,,
2.009000,SEND,1,1889,,
2.009088,TX_START,1,269,,
2.009088,TX_START,1,433,,
2.010000,SEND,1,1890,,
2.010592,RECEIVE,1,266,1732.592000,6.496000
2.011000,SEND,1,1891,,
2.012000,SEND,1,1892,,
2.013000,SEND,1,1893,,
2.014000,SEND,1,1894,,
2.015000,SEND,1,1895,,
2.016000,SEND,1,1896,,
2.017000,SEND,1,1897,,
2.017584,TX_START,1,270,,
2.017584,TX_START,1,435,,
2.018000,SEND,1,1898,,
2.019000,SEND,1,1899,,
2.019088,RECEIVE,1,267,1740.088000,7.496000
2.020000,SEND,1,1900,,
2.021000,SEND,1,1901,,
2.022000,SEND,1,1902,,
2.023000,SEND,1,1903,,
2.024000,SEND,1,1904,,
2.025000,SEND,1,1905,,
2.026000,SEND,1,1906,,
2.026080,TX_START,1,272,,
2.026080,TX_START,1,437,,
2.027000,SEND,1,1907,,
2.027584,RECEIVE,1,269,1746.584000,6.496000
2.028000,SEND,1,1908,,
2.029000,SEND,1,1909,,
2.030000,SEND,1,1910,,
2.031000,SEND,1,1911,,
2.032000,SEND,1,1912,,
2.033000,SEND,1,1913,,
2.034000,SEND,1,1914,,
2.034576,TX_START,1,273,,
2.034576,TX_START,1,439,,
2.035000,SEND,1,1915,,
2.036000,SEND,1,1916,,
2.036080,RECEIVE,1,270,1754.080000,7.496000
2.037000,SEND,1,1917,,
2.038000,SEND,1,1918,,
2.039000,SEND,1,1919,,
2.040000,SEND,1,1920,,
2.041000,SEND,1,1921,,
2.042000,SEND,1,1922,,
2.043000,SEND,1,1923,,
2.043072,TX_START,1,275,,
2.043072,TX_START,1,441,,
2.044000,SEND,1,1924,,
2.044576,RECEIVE,1,272,1760.576000,6.496000
2.045000,SEND,1,1925,,
2.046000,SEND,1,1926,,
2.047000,SEND,1,1927,,
2.048000,SEND,1,1928,,
2.049000,SEND,1,1929,,
2.050000,SEND,1,1930,,
2.051000,SEND,1,1931,,
2.051568,TX_START,1,276,,
2.051568,TX_START,1,442,,
2.052000,SEND,1,1932,,
2.053000,SEND,1,1933,,
2.053072,RECEIVE,1,273,1768.072000,7.496000
2.054000,SEND,1,1934,,
2.055000,SEND,1,1935,,
2.056000,SEND,1,1936,,
2.057000,SEND,1,1937,,
2.058000,SEND,1,1938,,
2.059000,SEND,1,1939,,
2.060000,SEND,1,1940,,
2.060064,TX_START,1,278,,
2.060064,TX_START,1,444,,
2.061000,SEND,1,1941,,
2.061568,RECEIVE,1,275,1774.568000,6.496000
2.062000,SEND,1,1942,,
2.063000,SEND,1,1943,,
2.064000,SEND,1,1944,,
2.065000,SEND,1,1945,,
2.066000,SEND,1,1946,,
2.067000,SEND,1,1947,,
2.068000,SEND,1,1948,,
2.068560,TX_START,1,279,,
2.068560,TX_START,1,446,,
2.069000,SEND,1,1949,,
2.070000,SEND,1,1950,,
2.070064,RECEIVE,1,276,1782.064000,7.496000
2.071000,SEND,1,1951,,
2.072000,SEND,1,1952,,
2.073000,SEND,1,1953,,
2.074000,SEND,1,1954,,
2.075000,SEND,1,1955,,
2.076000,SEND,1,1956,,
2.077000,SEND,1,1957,,
2.077056,TX_START,1,281,,
2.077056,TX_START,1,448,,
2.078000,SEND,1,1958,,
2.078560,RECEIVE,1,278,1788.560000,6.496000
2.079000,SEND,1,1959,,
2.079072,TX_START,1,282,,
2.079072,TX_START,1,449,,
2.080000,SEND,1,1960,,
2.081000,SEND,1,1961,,
2.082000,SEND,1,1962,,
2.083000,SEND,1,1963,,
2.084000,SEND,1,1964,,
2.085000,SEND,1,1965,,
2.086000,SEND,1,1966,,
2.087000,SEND,1,1967,,
2.087056,RECEIVE,1,279,1796.056000,7.496000
2.087568,TX_START,1,284,,
2.087568,TX_START,1,451,,
2.088000,SEND,1,1968,,
2.089000,SEND,1,1969,,
2.089072,RECEIVE,1,281,1796.072000,0.016000
2.090000,SEND,1,1970,,
2.091000,SEND,1,1971,,
2.092000,SEND,1,1972,,
2.093000,SEND,1,1973,,
2.096064,TX_START,1,285,,
2.096064,TX_START,1,453,,
2.097568,RECEIVE,1,282,1797.568000,1.496000
2.100000,SEND,1,1974,,
2.101000,SEND,1,1975,,
2.102000,SEND,1,1976,,
2.103000,SEND,1,1977,,
2.104000,SEND,1,1978,,
2.104560,TX_START,1,287,,
2.104560,TX_START,1,455,,
2.105000,SEND,1,1979,,
2.106000,SEND,1,1980,,
2.106064,RECEIVE,1,284,1804.064000,6.496000
2.107000,SEND,1,1981,,
2.108000,SEND,1,1982,,
2.109000,SEND,1,1983,,
2.110000,SEND,1,1984,,
2.111000,SEND,1,1985,,
2.112000,SEND,1,1986,,
2.113000,SEND,1,1987,,
2.113056,TX_START,1,288,,
2.113056,TX_START,1,457,,
2.114000,SEND,1,1988,,
2.114560,RECEIVE,1,285,1811.560000,7.496000
2.115000,SEND,1,1989,,
2.116000,SEND,1,1990,,
2.117000,SEND,1,1991,,
2.118000,SEND,1,1992,,
2.119000,SEND,1,1993,,
2.120000,SEND,1,1994,,
2.121000,SEND,1,1995,,
2.121552,TX_START,1,290,,
2.121552,TX_START,1,459,,
2.122000,SEND,1,1996,,
2.123000,SEND,1,1997,,
2.123056,RECEIVE,1,287,1818.056000,6.496000
2.124000,SEND,1,1998,,
2.125000,SEND,1,1999,,
2.126000,SEND,1,2000,,
2.127000,SEND,1,2001,,
2.128000,SEND,1,2002,,
2.129000,SEND,1,2003,,
2.130000,SEND,1,2004,,
2.130048,TX_START,1,291,,
2.130048,TX_START,1,460,,
2.131000,SEND,1,2005,,
2.131552,RECEIVE,1,288,1825.552000,7.496000
2.132000,SEND,1,2006,,
2.133000,SEND,1,2007,,
2.134000,SEND,1,2008,,
2.135000,SEND,1,2009,,
2.136000,SEND,1,2010,,
2.137000,SEND,1,2011,,
2.138000,SEND,1,2012,,
2.138544,TX_START,1,293,,
2.138544,TX_START,1,462,,
2.139000,SEND,1,2013,,
2.140000,SEND,1,2014,,
2.140048,RECEIVE,1,290,1832.048000,6.496000
2.141000,SEND,1,2015,,
2.142000,SEND,1,2016,,
2.143000,SEND,1,2017,,
2.144000,SEND,1,2018,,
2.145000,SEND,1,2019,,
2.146000,SEND,1,2020,,
2.147000,SEND,1,2021,,
2.147040,TX_START,1,294,,
2.147040,TX_START,1,464,,
2.148000,SEND,1,2022,,
2.148544,RECEIVE,1,291,1839.544000,7.496000
2.149000,SEND,1,2023,,
2.150000,SEND,1,2024,,
2.151000,SEND,1,2025,,
2.152000,SEND,1,2026,,
2.153000,SEND,1,2027,,
2.154000,SEND,1,2028,,
2.155000,SEND,1,2029,,
2.155536,TX_START,1,296,,
2.155536,TX_START,1,466,,
2.156000,SEND,1,2030,,
2.157000,SEND,1,2031,,
2.157040,RECEIVE,1,293,1846.040000,6.496000
2.158000,SEND,1,2032,,
2.159000,SEND,1,2033,,
2.160000,SEND,1,2034,,
2.161000,SEND,1,2035,,
2.162000,SEND,1,2036,,
2.163000,SEND,1,2037,,
2.164000,SEND,1,2038,,
2.164032,TX_START,1,297,,
2.164032,TX_START,1,468,,
2.165000,SEND,1,2039,,
2.165536,RECEIVE,1,294,1853.536000,7.496000
2.166000,SEND,1,2040,,
2.167000,SEND,1,2041,,
2.168000,SEND,1,2042,,
2.169000,SEND,1,2043,,
2.170000,SEND,1,2044,,
2.171000,SEND,1,2045,,
2.172000,SEND,1,2046,,
2.172528,TX_START,1,299,,
2.172528,TX_START,1,470,,
2.173000,SEND,1,2047,,
2.174000,SEND,1,2048,,
2.174032,RECEIVE,1,296,1860.032000,6.496000
2.175000,SEND,1,2049,,
2.176000,SEND,1,2050,,
2.177000,SEND,1,2051,,
2.178000,SEND,1,2052,,
2.179000,SEND,1,2053,,
2.180000,SEND,1,2054,,
2.181000,SEND,1,2055,,
2.181024,TX_START,1,300,,
2.181024,TX_START,1,472,,
2.182000,SEND,1,2056,,
2.182528,RECEIVE,1,297,1867.528000,7.496000
2.183000,SEND,1,2057,,
2.184000,SEND,1,2058,,
2.185000,SEND,1,2059,,
2.186000,SEND,1,2060,,
2.187000,SEND,1,2061,,
2.188000,SEND,1,2062,,
2.189000,SEND,1,2063,,
2.189520,TX_START,1,302,,
2.189520,TX_START,1,474,,
2.190000,SEND,1,2064,,
2.191000,SEND,1,2065,,
2.191024,RECEIVE,1,299,1874.024000,6.496000
2.192000,SEND,1,2066,,
2.193000,SEND,1,2067,,
2.198016,TX_START,1,304,,
2.198016,TX_START,1,476,,
2.199520,RECEIVE,1,300,1881.520000,7.496000
2.200000,SEND,1,2068,,
2.201000,SEND,1,2069,,
2.202000,SEND,1,2070,,
2.203000,SEND,1,2071,,
2.204000,SEND,1,2072,,
2.205000,SEND,1,2073,,
2.206000,SEND,1,2074,,
2.206512,TX_START,1,305,,
2.206512,TX_START,1,477,,
2.207000,SEND,1,2075,,
2.208000,SEND,1,2076,,
2.208016,RECEIVE,1,302,1888.016000,6.496000
2.209000,SEND,1,2077,,
2.210000,SEND,1,2078,,
2.211000,SEND,1,2079,,
2.212000,SEND,1,2080,,
2.213000,SEND,1,2081,,
2.214000,SEND,1,2082,,
2.215000,SEND,1,2083,,
2.215008,TX_START,1,307,,
2.215008,TX_START,1,479,,
2.216000,SEND,1,2084,,
2.216512,RECEIVE,1,304,1894.512000,6.496000
2.217000,SEND,1,2085,,
2.218000,SEND,1,2086,,
2.219000,SEND,1,2087,,
2.220000,SEND,1,2088,,
2.221000,SEND,1,2089,,
2.222000,SEND,1,2090,,
2.223000,SEND,1,2091,,
2.223504,TX_START,1,308,,
2.223504,TX_START,1,481,,
2.224000,SEND,1,2092,,
2.225000,SEND,1,2093,,
2.225008,RECEIVE,1,305,1902.008000,7.496000
2.226000,SEND,1,2094,,
2.227000,SEND,1,2095,,
2.228000,SEND,1,2096,,
2.229000,SEND,1,2097,,
2.230000,SEND,1,2098,,
2.231000,SEND,1,2099,,
2.232000,TX_START,1,310,,
2.232000,SEND,1,2100,,
2.232000,TX_START,1,483,,
2.233000,SEND,1,2101,,
2.233504,RECEIVE,1,307,1908.504000,6.496000
2.234000,SEND,1,2102,,
2.235000,SEND,1,2103,,
2.236000,SEND,1,2104,,
2.237000,SEND,1,2105,,
2.238000,SEND,1,2106,,
2.239000,SEND,1,2107,,
2.240000,SEND,1,2108,,
2.240496,TX_START,1,311,,
2.240496,TX_START,1,485,,
2.241000,SEND,1,2109,,
2.242000,RECEIVE,1,308,1916.000000,7.496000
2.242000,SEND,1,2110,,
2.243000,SEND,1,2111,,
2.244000,SEND,1,2112,,
2.245000,SEND,1,2113,,
2.246000,SEND,1,2114,,
2.247000,SEND,1,2115,,
2.248000,SEND,1,2116,,
2.248992,TX_START,1,313,,
2.248992,TX_START,1,487,,
2.249000,SEND,1,2117,,
2.250000,SEND,1,2118,,
2.250496,RECEIVE,1,310,1922.496000,6.496000
2.251000,SEND,1,2119,,
2.252000,SEND,1,2120,,
2.253000,SEND,1,2121,,
2.254000,SEND,1,2122,,
2.255000,SEND,1,2123,,
2.256000,SEND,1,2124,,
2.257000,SEND,1,2125,,
2.257488,TX_START,1,314,,
2.257488,TX_START,1,489,,
2.258000,SEND,1,2126,,
2.258992,RECEIVE,1,311,1929.992000,7.496000
2.259000,SEND,1,2127,,
2.260000,SEND,1,2128,,
2.261000,SEND,1,2129,,
2.262000,SEND,1,2130,,
2.263000,SEND,1,2131,,
2.264000,SEND,1,2132,,
2.265000,SEND,1,2133,,
2.265984,TX_START,1,316,,
2.265984,TX_START,1,491,,
2.266000,SEND,1,2134,,
2.267000,SEND,1,2135,,
2.267488,RECEIVE,1,313,1936.488000,6.496000
2.268000,SEND,1,2136,,
2.269000,SEND,1,2137,,
2.270000,SEND,1,2138,,
2.271000,SEND,1,2139,,
2.272000,SEND,1,2140,,
2.273000,SEND,1,2141,,
2.274000,SEND,1,2142,,
2.274480,TX_START,1,318,,
2.274480,TX_START,1,493,,
2.275000,SEND,1,2143,,
2.275984,RECEIVE,1,314,1943.984000,7.496000
2.276000,SEND,1,2144,,
2.277000,SEND,1,2145,,
2.278000,SEND,1,2146,,
2.279000,SEND,1,2147,,
2.280000,SEND,1,2148,,
2.281000,SEND,1,2149,,
2.282000,SEND,1,2150,,
2.282976,TX_START,1,319,,
2.282976,TX_START,1,495,,
2.283000,SEND,1,2151,,
2.284000,SEND,1,2152,,
2.284480,RECEIVE,1,316,1950.480000,6.496000
2.285000,SEND,1,2153,,
2.286000,SEND,1,2154,,
2.287000,SEND,1,2155,,
2.288000,SEND,1,2156,,
2.289000,SEND,1,2157,,
2.290000,SEND,1,2158,,
2.291000,SEND,1,2159,,
2.291472,TX_START,1,321,,
2.291472,TX_START,1,497,,
2.292000,SEND,1,2160,,
2.292976,RECEIVE,1,318,1956.976000,6.496000
2.293000,SEND,1,2161,,
2.299968,TX_START,1,322,,
2.299968,TX_START,1,499,,
2.300000,SEND,1,2162,,
2.301000,SEND,1,2163,,
2.301472,RECEIVE,1,319,1964.472000,7.496000
2.302000,SEND,1,2164,,
2.303000,SEND,1,2165,,
2.304000,SEND,1,2166,,
2.305000,SEND,1,2167,,
2.306000,SEND,1,2168,,
2.307000,SEND,1,2169,,
2.308000,SEND,1,2170,,
2.308464,TX_START,1,324,,
2.308464,TX_START,1,501,,
2.309000,SEND,1,2171,,
2.309968,RECEIVE,1,321,1970.968000,6.496000
2.310000,SEND,1,2172,,
2.311000,SEND,1,2173,,
2.312000,SEND,1,2174,,
2.313000,SEND,1,2175,,
2.314000,SEND,1,2176,,
2.315000,SEND,1,2177,,
2.316000,SEND,1,2178,,
2.316960,TX_START,1,326,,
2.316960,TX_START,1,503,,
2.317000,SEND,1,2179,,
2.318000,SEND,1,2180,,
2.318464,RECEIVE,1,322,1978.464000,7.496000
2.319000,SEND,1,2181,,
2.320000,SEND,1,2182,,
2.321000,SEND,1,2183,,
2.322000,SEND,1,2184,,
2.323000,SEND,1,2185,,
2.324000,SEND,1,2186,,
2.325000,SEND,1,2187,,
2.325456,TX_START,1,327,,
2.325456,TX_START,1,505,,
2.326000,SEND,1,2188,,
2.326960,RECEIVE,1,324,1984.960000,6.496000
2.327000,SEND,1,2189,,
2.328000,SEND,1,2190,,
2.329000,SEND,1,2191,,
2.330000,SEND,1,2192,,
2.331000,SEND,1,2193,,
2.332000,SEND,1,2194,,
2.333000,SEND,1,2195,,
2.333952,TX_START,1,329,,
2.333952,TX_START,1,507,,
2.334000,SEND,1,2196,,
2.335000,SEND,1,2197,,
2.335456,RECEIVE,1,326,1991.456000,6.496000
2.336000,SEND,1,2198,,
2.337000,SEND,1,2199,,
2.338000,SEND,1,2200,,
2.339000,SEND,1,2201,,
2.340000,SEND,1,2202,,
2.341000,SEND,1,2203,,
2.342000,SEND,1,2204,,
2.342448,TX_START,1,330,,
2.342448,TX_START,1,509,,
2.343000,SEND,1,2205,,
2.343952,RECEIVE,1,327,1998.952000,7.496000
2.344000,SEND,1,2206,,
2.345000,SEND,1,2207,,
2.346000,SEND,1,2208,,
2.347000,SEND,1,2209,,
2.348000,SEND,1,2210,,
2.349000,SEND,1,2211,,
2.350000,SEND,1,2212,,
2.350944,TX_START,1,332,,
2.350944,TX_START,1,511,,
2.351000,SEND,1,2213,,
2.352000,SEND,1,2214,,
2.352448,RECEIVE,1,329,2005.448000,6.496000
2.353000,SEND,1,2215,,
2.354000,SEND,1,2216,,
2.355000,SEND,1,2217,,
2.356000,SEND,1,2218,,
2.357000,SEND,1,2219,,
2.358000,SEND,1,2220,,
2.359000,SEND,1,2221,,
2.359440,TX_START,1,333,,
2.359440,TX_START,1,512,,
2.360000,SEND,1,2222,,
2.360944,RECEIVE,1,330,2012.944000,7.496000
2.361000,SEND,1,2223,,
2.362000,SEND,1,2224,,
2.363000,SEND,1,2225,,
2.364000,SEND,1,2226,,
2.365000,SEND,1,2227,,
2.366000,SEND,1,2228,,
2.367000,SEND,1,2229,,
2.367936,TX_START,1,335,,
2.367936,TX_START,1,514,,
2.368000,SEND,1,2230,,
2.369000,SEND,1,2231,,
2.369440,RECEIVE,1,332,2019.440000,6.496000
2.370000,SEND,1,2232,,
2.371000,SEND,1,2233,,
2.372000,SEND,1,2234,,
2.373000,SEND,1,2235,,
2.374000,SEND,1,2236,,
2.375000,SEND,1,2237,,
2.376000,SEND,1,2238,,
2.376432,TX_START,1,336,,
2.376432,TX_START,1,516,,
2.377000,SEND,1,2239,,
2.377936,RECEIVE,1,333,2026.936000,7.496000
2.378000,SEND,1,2240,,
2.379000,SEND,1,2241,,
2.380000,SEND,1,2242,,
2.381000,SEND,1,2243,,
2.382000,SEND,1,2244,,
2.383000,SEND,1,2245,,
2.384000,SEND,1,2246,,
2.384928,TX_START,1,338,,
2.384928,TX_START,1,518,,
2.385000,SEND,1,2247,,
2.386000,SEND,1,2248,,
2.386432,RECEIVE,1,335,2033.432000,6.496000
2.387000,SEND,1,2249,,
2.388000,SEND,1,2250,,
2.389000,SEND,1,2251,,
2.390000,SEND,1,2252,,
2.391000,SEND,1,2253,,
2.392000,SEND,1,2254,,
2.393000,SEND,1,2255,,
2.393424,TX_START,1,340,,
2.393424,TX_START,1,520,,
2.394928,RECEIVE,1,336,2040.928000,7.496000
2.400000,SEND,1,2256,,
2.401000,SEND,1,2257,,
2.401920,TX_START,1,341,,
2.401920,TX_START,1,522,,
2.402000,SEND,1,2258,,
2.403000,SEND,1,2259,,
2.403424,RECEIVE,1,338,2047.424000,6.496000
2.404000,SEND,1,2260,,
2.405000,SEND,1,2261,,
2.406000,SEND,1,2262,,
2.407000,SEND,1,2263,,
2.408000,SEND,1,2264,,
2.409000,SEND,1,2265,,
2.410000,SEND,1,2266,,
2.410416,TX_START,1,343,,
2.410416,TX_START,1,524,,
2.411000,SEND,1,2267,,
2.411920,RECEIVE,1,340,2053.920000,6.496000
2.412000,SEND,1,2268,,
2.413000,SEND,1,2269,,
2.414000,SEND,1,2270,,
2.415000,SEND,1,2271,,
2.416000,SEND,1,2272,,
2.417000,SEND,1,2273,,
2.418000,SEND,1,2274,,
2.418912,TX_START,1,345,,
2.418912,TX_START,1,526,,
2.419000,SEND,1,2275,,
2.420000,SEND,1,2276,,
2.420416,RECEIVE,1,341,2061.416000,7.496000
2.421000,SEND,1,2277,,
2.422000,SEND,1,2278,,
2.423000,SEND,1,2279,,
2.424000,SEND,1,2280,,
2.425000,SEND,1,2281,,
2.426000,SEND,1,2282,,
2.427000,SEND,1,2283,,
2.427408,TX_START,1,346,,
2.427408,TX_START,1,528,,
2.428000,SEND,1,2284,,
2.428912,RECEIVE,1,343,2067.912000,6.496000
2.429000,SEND,1,2285,,
2.430000,SEND,1,2286,,
2.431000,SEND,1,2287,,
2.432000,SEND,1,2288,,
2.433000,SEND,1,2289,,
2.434000,SEND,1,2290,,
2.435000,SEND,1,2291,,
2.435904,TX_START,1,348,,
2.435904,TX_START,1,530,,
2.436000,SEND,1,2292,,
2.437000,SEND,1,2293,,
2.437408,RECEIVE,1,345,2074.408000,6.496000
2.438000,SEND,1,2294,,
2.439000,SEND,1,2295,,
2.440000,SEND,1,2296,,
2.441000,SEND,1,2297,,
2.442000,SEND,1,2298,,
2.443000,SEND,1,2299,,
2.444000,SEND,1,2300,,
2.444400,TX_START,1,350,,
2.444400,TX_START,1,532,,
2.445000,SEND,1,2301,,
2.445904,RECEIVE,1,346,2081.904000,7.496000
2.446000,SEND,1,2302,,
2.447000,SEND,1,2303,,
2.448000,SEND,1,2304,,
2.449000,SEND,1,2305,,
2.450000,SEND,1,2306,,
2.451000,SEND,1,2307,,
2.452000,SEND,1,2308,,
2.452896,TX_START,1,351,,
2.452896,TX_START,1,534,,
2.453000,SEND,1,2309,,
2.454000,SEND,1,2310,,
2.454400,RECEIVE,1,348,2088.400000,6.496000
2.455000,SEND,1,2311,,
2.456000,SEND,1,2312,,
2.457000,SEND,1,2313,,
2.458000,SEND,1,2314,,
2.459000,SEND,1,2315,,
2.460000,SEND,1,2316,,
2.461000,SEND,1,2317,,
2.461392,TX_START,1,353,,
2.461392,TX_START,1,536,,
2.462000,SEND,1,2318,,
2.462896,RECEIVE,1,350,2094.896000,6.496000
2.463000,SEND,1,2319,,
2.464000,SEND,1,2320,,
2.465000,SEND,1,2321,,
2.466000,SEND,1,2322,,
2.467000,SEND,1,2323,,
2.468000,SEND,1,2324,,
2.469000,SEND,1,2325,,
2.469888,TX_START,1,355,,
2.469888,TX_START,1,539,,
2.470000,SEND,1,2326,,
2.471000,SEND,1,2327,,
2.471392,RECEIVE,1,351,2102.392000,7.496000
2.472000,SEND,1,2328,,
2.473000,SEND,1,2329,,
2.474000,SEND,1,2330,,
2.475000,SEND,1,2331,,
2.476000,SEND,1,2332,,
2.477000,SEND,1,2333,,
2.478000,SEND,1,2334,,
2.478384,TX_START,1,356,,
2.478384,TX_START,1,541,,
2.479000,SEND,1,2335,,
2.479888,RECEIVE,1,353,2108.888000,6.496000
2.480000,SEND,1,2336,,
2.481000,SEND,1,2337,,
2.482000,SEND,1,2338,,
2.483000,SEND,1,2339,,
2.484000,SEND,1,2340,,
2.485000,SEND,1,2341,,
2.486000,SEND,1,2342,,
2.486880,TX_START,1,358,,
2.486880,TX_START,1,543,,
2.487000,SEND,1,2343,,
2.488000,SEND,1,2344,,
2.488384,RECEIVE,1,355,2115.384000,6.496000
2.489000,SEND,1,2345,,
2.490000,SEND,1,2346,,
2.491000,SEND,1,2347,,
2.492000,SEND,1,2348,,
2.493000,SEND,1,2349,,
2.495376,TX_START,1,360,,
2.495376,TX_START,1,545,,
2.496880,RECEIVE,1,356,2122.880000,7.496000
2.500000,SEND,1,2350,,
2.501000,SEND,1,2351,,
2.502000,SEND,1,2352,,
2.503000,SEND,1,2353,,
2.503872,TX_START,1,361,,
2.503872,TX_START,1,547,,
2.504000,SEND,1,2354,,
2.505000,SEND,1,2355,,
2.505376,RECEIVE,1,358,2129.376000,6.496000
2.506000,SEND,1,2356,,
2.507000,SEND,1,2357,,
2.508000,SEND,1,2358,,
2.509000,SEND,1,2359,,
2.510000,SEND,1,2360,,
2.511000,SEND,1,2361,,
2.512000,SEND,1,2362,,
2.512368,TX_START,1,363,,
2.512368,TX_START,1,549,,
2.513000,SEND,1,2363,,
2.513872,RECEIVE,1,360,2135.872000,6.496000
2.514000,SEND,1,2364,,
2.515000,SEND,1,2365,,
2.516000,SEND,1,2366,,
2.517000,SEND,1,2367,,
2.518000,SEND,1,2368,,
2.519000,SEND,1,2369,,
2.520000,SEND,1,2370,,
2.520864,TX_START,1,365,,
2.520864,TX_START,1,551,,
2.521000,SEND,1,2371,,
2.522000,SEND,1,2372,,
2.522368,RECEIVE,1,361,2143.368000,7.496000
2.523000,SEND,1,2373,,
2.524000,SEND,1,2374,,
2.525000,SEND,1,2375,,
2.526000,SEND,1,2376,,
2.527000,SEND,1,2377,,
2.528000,SEND,1,2378,,
2.529000,SEND,1,2379,,
2.529360,TX_START,1,366,,
2.529360,TX_START,1,553,,
2.530000,SEND,1,2380,,
2.530864,RECEIVE,1,363,2149.864000,6.496000
2.531000,SEND,1,2381,,
2.532000,SEND,1,2382,,
2.533000,SEND,1,2383,,
2.534000,SEND,1,2384,,
2.535000,SEND,1,2385,,
2.536000,SEND,1,2386,,
2.537000,SEND,1,2387,,
2.537856,TX_START,1,368,,
2.537856,TX_START,1,555,,
2.538000,SEND,1,2388,,
2.539000,SEND,1,2389,,
2.539360,RECEIVE,1,365,2156.360000,6.496000
2.540000,SEND,1,2390,,
2.541000,SEND,1,2391,,
2.542000,SEND,1,2392,,
2.543000,SEND,1,2393,,
2.544000,SEND,1,2394,,
2.545000,SEND,1,2395,,
2.546000,SEND,1,2396,,
2.546352,TX_START,1,370,,
2.546352,TX_START,1,557,,
2.547000,SEND,1,2397,,
2.547856,RECEIVE,1,366,2163.856000,7.496000
2.548000,SEND,1,2398,,
2.549000,SEND,1,2399,,
2.550000,SEND,1,2400,,
2.551000,SEND,1,2401,,
2.552000,SEND,1,2402,,
2.553000,SEND,1,2403,,
2.554000,SEND,1,2404,,
2.554848,TX_START,1,371,,
2.554848,TX_START,1,559,,
2.555000,SEND,1,2405,,
2.556000,SEND,1,2406,,
2.556352,RECEIVE,1,368,2170.352000,6.496000
2.557000,SEND,1,2407,,
2.558000,SEND,1,2408,,
2.559000,SEND,1,2409,,
2.560000,SEND,1,2410,,
2.561000,SEND,1,2411,,
2.562000,SEND,1,2412,,
2.563000,SEND,1,2413,,
2.563344,TX_START,1,373,,
2.563344,TX_START,1,561,,
2.564000,SEND,1,2414,,
2.564848,RECEIVE,1,370,2176.848000,6.496000
2.565000,SEND,1,2415,,
2.566000,SEND,1,2416,,
2.567000,SEND,1,2417,,
2.568000,SEND,1,2418,,
2.569000,SEND,1,2419,,
2.570000,SEND,1,2420,,
2.571000,SEND,1,2421,,
2.571840,TX_START,1,375,,
2.571840,TX_START,1,563,,
2.572000,SEND,1,2422,,
2.573000,SEND,1,2423,,
2.573344,RECEIVE,1,371,2184.344000,7.496000
2.573856,TX_START,1,377,,
2.573856,TX_START,1,564,,
2.574000,SEND,1,2424,,
2.575000,SEND,1,2425,,
2.576000,SEND,1,2426,,
2.577000,SEND,1,2427,,
2.578000,SEND,1,2428,,
2.579000,SEND,1,2429,,
2.580000,SEND,1,2430,,
2.581000,SEND,1,2431,,
2.581840,RECEIVE,1,373,2190.840000,6.496000
2.582000,SEND,1,2432,,
2.582352,TX_START,1,378,,
2.582352,TX_START,1,566,,
2.583000,SEND,1,2433,,
2.583856,RECEIVE,1,375,2190.856000,0.016000
2.584000,SEND,1,2434,,
2.585000,SEND,1,2435,,
2.586000,SEND,1,2436,,
2.587000,SEND,1,2437,,
2.588000,SEND,1,2438,,
2.589000,SEND,1,2439,,
2.590000,SEND,1,2440,,
2.590848,TX_START,1,380,,
2.590848,TX_START,1,568,,
2.591000,SEND,1,2441,,
2.592000,SEND,1,2442,,
2.592352,RECEIVE,1,377,2191.352000,0.496000
2.593000,SEND,1,2443,,
2.599344,TX_START,1,382,,
2.599344,TX_START,1,571,,
2.600000,SEND,1,2444,,
2.600848,RECEIVE,1,378,2198.848000,7.496000
2.601000,SEND,1,2445,,
2.602000,SEND,1,2446,,
2.603000,SEND,1,2447,,
2.604000,SEND,1,2448,,
2.605000,SEND,1,2449,,
2.606000,SEND,1,2450,,
2.607000,SEND,1,2451,,
2.607840,TX_START,1,383,,
2.607840,TX_START,1,573,,
2.608000,SEND,1,2452,,
2.609000,SEND,1,2453,,
2.609344,RECEIVE,1,380,2205.344000,6.496000
2.610000,SEND,1,2454,,
2.611000,SEND,1,2455,,
2.612000,SEND,1,2456,,
2.613000,SEND,1,2457,,
2.614000,SEND,1,2458,,
2.615000,SEND,1,2459,,
2.616000,SEND,1,2460,,
2.616336,TX_START,1,385,,
2.616336,TX_START,1,575,,
2.617000,SEND,1,2461,,
2.617840,RECEIVE,1,382,2211.840000,6.496000
2.618000,SEND,1,2462,,
2.619000,SEND,1,2463,,
2.620000,SEND,1,2464,,
2.621000,SEND,1,2465,,
2.622000,SEND,1,2466,,
2.623000,SEND,1,2467,,
2.624000,SEND,1,2468,,
2.624832,TX_START,1,387,,
2.624832,TX_START,1,577,,
2.625000,SEND,1,2469,,
2.626000,SEND,1,2470,,
2.626336,RECEIVE,1,383,2219.336000,7.496000
2.627000,SEND,1,2471,,
2.628000,SEND,1,2472,,
2.629000,SEND,1,2473,,
2.630000,SEND,1,2474,,
2.631000,SEND,1,2475,,
2.632000,SEND,1,2476,,
2.633000,SEND,1,2477,,
2.633328,TX_START,1,389,,
2.633328,TX_START,1,579,,
2.634000,SEND,1,2478,,
2.634832,RECEIVE,1,385,2225.832000,6.496000
2.635000,SEND,1,2479,,
2.636000,SEND,1,2480,,
2.637000,SEND,1,2481,,
2.638000,SEND,1,2482,,
2.639000,SEND,1,2483,,
2.640000,SEND,1,2484,,
2.641000,SEND,1,2485,,
2.641824,TX_START,1,390,,
2.641824,TX_START,1,581,,
2.642000,SEND,1,2486,,
2.643000,SEND,1,2487,,
2.643328,RECEIVE,1,387,2232.328000,6.496000
2.644000,SEND,1,2488,,
2.645000,SEND,1,2489,,
2.646000,SEND,1,2490,,
2.647000,SEND,1,2491,,
2.648000,SEND,1,2492,,
2.649000,SEND,1,2493,,
2.650000,SEND,1,2494,,
2.650320,TX_START,1,392,,
2.650320,TX_START,1,583,,
2.651000,SEND,1,2495,,
2.651824,RECEIVE,1,389,2238.824000,6.496000
2.652000,SEND,1,2496,,
2.653000,SEND,1,2497,,
2.654000,SEND,1,2498,,
2.655000,SEND,1,2499,,
2.656000,SEND,1,2500,,
2.657000,SEND,1,2501,,
2.658000,SEND,1,2502,,
2.658816,TX_START,1,394,,
2.658816,TX_START,1,585,,
2.659000,SEND,1,2503,,
2.660000,SEND,1,2504,,
2.660320,RECEIVE,1,390,2246.320000,7.496000
2.661000,SEND,1,2505,,
2.662000,SEND,1,2506,,
2.663000,SEND,1,2507,,
2.664000,SEND,1,2508,,
2.665000,SEND,1,2509,,
2.666000,SEND,1,2510,,
2.667000,SEND,1,2511,,
2.667312,TX_START,1,396,,
2.667312,TX_START,1,587,,
2.668000,SEND,1,2512,,
2.668816,RECEIVE,1,392,2252.816000,6.496000
2.669000,SEND,1,2513,,
2.670000,SEND,1,2514,,
2.671000,SEND,1,2515,,
2.672000,SEND,1,2516,,
2.673000,SEND,1,2517,,
2.674000,SEND,1,2518,,
2.675000,SEND,1,2519,,
2.675808,TX_START,1,397,,
2.675808,TX_START,1,589,,
2.676000,SEND,1,2520,,
2.677000,SEND,1,2521,,
2.677312,RECEIVE,1,394,2259.312000,6.496000
2.678000,SEND,1,2522,,
2.679000,SEND,1,2523,,
2.680000,SEND,1,2524,,
2.681000,SEND,1,2525,,
2.682000,SEND,1,2526,,
2.683000,SEND,1,2527,,
2.684000,SEND,1,2528,,
2.684304,TX_START,1,399,,
2.684304,TX_START,1,592,,
2.685000,SEND,1,2529,,
2.685808,RECEIVE,1,396,2265.808000,6.496000
2.686000,SEND,1,2530,,
2.687000,SEND,1,2531,,
2.688000,SEND,1,2532,,
2.689000,SEND,1,2533,,
2.690000,SEND,1,2534,,
2.691000,SEND,1,2535,,
2.692000,SEND,1,2536,,
2.692800,TX_START,1,401,,
2.692800,TX_START,1,594,,
2.693000,SEND,1,2537,,
2.694304,RECEIVE,1,397,2273.304000,7.496000
2.700000,SEND,1,2538,,
2.701000,SEND,1,2539,,
2.701296,TX_START,1,403,,
2.701296,TX_START,1,596,,
2.702000,SEND,1,2540,,
2.702800,RECEIVE,1,399,2279.800000,6.496000
2.703000,SEND,1,2541,,
2.704000,SEND,1,2542,,
2.705000,SEND,1,2543,,
2.706000,SEND,1,2544,,
2.707000,SEND,1,2545,,
2.708000,SEND,1,2546,,
2.709000,SEND,1,2547,,
2.709792,TX_START,1,404,,
2.709792,TX_START,1,598,,
2.710000,SEND,1,2548,,
2.711000,SEND,1,2549,,
2.711296,RECEIVE,1,401,2286.296000,6.496000
2.712000,SEND,1,2550,,
2.713000,SEND,1,2551,,
2.714000,SEND,1,2552,,
2.715000,SEND,1,2553,,
2.716000,SEND,1,2554,,
2.717000,SEND,1,2555,,
2.718000,SEND,1,2556,,
2.718288,TX_START,1,406,,
2.718288,TX_START,1,600,,
2.719000,SEND,1,2557,,
2.719792,RECEIVE,1,403,2292.792000,6.496000
2.720000,SEND,1,2558,,
2.721000,SEND,1,2559,,
2.722000,SEND,1,2560,,
2.723000,SEND,1,2561,,
2.724000,SEND,1,2562,,
2.725000,SEND,1,2563,,
2.726000,SEND,1,2564,,
2.726784,TX_START,1,408,,
2.726784,TX_START,1,602,,
2.727000,SEND,1,2565,,
2.728000,SEND,1,2566,,
2.728288,RECEIVE,1,404,2300.288000,7.496000
2.729000,SEND,1,2567,,
2.730000,SEND,1,2568,,
2.731000,SEND,1,2569,,
2.732000,SEND,1,2570,,
2.733000,SEND,1,2571,,
2.734000,SEND,1,2572,,
2.735000,SEND,1,2573,,
2.735280,TX_START,1,410,,
2.735280,TX_START,1,604,,
2.736000,SEND,1,2574,,
2.736784,RECEIVE,1,406,2306.784000,6.496000
2.737000,SEND,1,2575,,
2.738000,SEND,1,2576,,
2.739000,SEND,1,2577,,
2.740000,SEND,1,2578,,
2.741000,SEND,1,2579,,
2.742000,SEND,1,2580,,
2.743000,SEND,1,2581,,
2.743776,TX_START,1,412,,
2.743776,TX_START,1,606,,
2.744000,SEND,1,2582,,
2.745000,SEND,1,2583,,
2.745280,RECEIVE,1,408,2313.280000,6.496000
2.746000,SEND,1,2584,,
2.747000,SEND,1,2585,,
2.748000,SEND,1,2586,,
2.749000,SEND,1,2587,,
2.750000,SEND,1,2588,,
2.751000,SEND,1,2589,,
2.752000,SEND,1,2590,,
2.752272,TX_START,1,413,,
2.752272,TX_START,1,609,,
2.753000,SEND,1,2591,,
2.753776,RECEIVE,1,410,2319.776000,6.496000
2.754000,SEND,1,2592,,
2.755000,SEND,1,2593,,
2.756000,SEND,1,2594,,
2.757000,SEND,1,2595,,
2.758000,SEND,1,2596,,
2.759000,SEND,1,2597,,
2.760000,SEND,1,2598,,
2.760768,TX_START,1,415,,
2.760768,TX_START,1,611,,
2.761000,SEND,1,2599,,
2.762000,SEND,1,2600,,
2.762272,RECEIVE,1,412,2326.272000,6.496000
2.763000,SEND,1,2601,,
2.764000,SEND,1,2602,,
2.765000,SEND,1,2603,,
2.766000,SEND,1,2604,,
2.767000,SEND,1,2605,,
2.768000,SEND,1,2606,,
2.769000,SEND,1,2607,,
2.769264,TX_START,1,417,,
2.769264,TX_START,1,613,,
2.770000,SEND,1,2608,,
2.770768,RECEIVE,1,413,2333.768000,7.496000
2.771000,SEND,1,2609,,
2.772000,SEND,1,2610,,
2.773000,SEND,1,2611,,
2.774000,SEND,1,2612,,
2.775000,SEND,1,2613,,
2.776000,SEND,1,2614,,
2.777000,SEND,1,2615,,
2.777760,TX_START,1,419,,
2.777760,TX_START,1,615,,
2.778000,SEND,1,2616,,
2.779000,SEND,1,2617,,
2.779264,RECEIVE,1,415,2340.264000,6.496000
2.780000,SEND,1,2618,,
2.781000,SEND,1,2619,,
2.782000,SEND,1,2620,,
2.783000,SEND,1,2621,,
2.784000,SEND,1,2622,,
2.785000,SEND,1,2623,,
2.786000,SEND,1,2624,,
2.786256,TX_START,1,421,,
2.786256,TX_START,1,617,,
2.787000,SEND,1,2625,,
2.787760,RECEIVE,1,417,2346.760000,6.496000
2.788000,SEND,1,2626,,
2.789000,SEND,1,2627,,
2.790000,SEND,1,2628,,
2.791000,SEND,1,2629,,
2.792000,SEND,1,2630,,
2.793000,SEND,1,2631,,
2.794752,TX_START,1,422,,
2.794752,TX_START,1,619,,
2.796256,RECEIVE,1,419,2353.256000,6.496000
2.800000,SEND,1,2632,,
2.801000,SEND,1,2633,,
2.802000,SEND,1,2634,,
2.803000,SEND,1,2635,,
2.803248,TX_START,1,424,,
2.803248,TX_START,1,622,,
2.804000,SEND,1,2636,,
2.804752,RECEIVE,1,421,2359.752000,6.496000
2.805000,SEND,1,2637,,
2.806000,SEND,1,2638,,
2.807000,SEND,1,2639,,
2.808000,SEND,1,2640,,
2.809000,SEND,1,2641,,
2.810000,SEND,1,2642,,
2.811000,SEND,1,2643,,
2.811744,TX_START,1,426,,
2.811744,TX_START,1,624,,
2.812000,SEND,1,2644,,
2.813000,SEND,1,2645,,
2.813248,RECEIVE,1,422,2367.248000,7.496000
2.814000,SEND,1,2646,,
2.815000,SEND,1,2647,,
2.816000,SEND,1,2648,,
2.817000,SEND,1,2649,,
2.818000,SEND,1,2650,,
2.819000,SEND,1,2651,,
2.820000,SEND,1,2652,,
2.820240,TX_START,1,428,,
2.820240,TX_START,1,626,,
2.821000,SEND,1,2653,,
2.821744,RECEIVE,1,424,2373.744000,6.496000
2.822000,SEND,1,2654,,
2.823000,SEND,1,2655,,
2.824000,SEND,1,2656,,
2.825000,SEND,1,2657,,
2.826000,SEND,1,2658,,
2.827000,SEND,1,2659,,
2.828000,SEND,1,2660,,
2.828736,TX_START,1,430,,
2.828736,TX_START,1,628,,
2.829000,SEND,1,2661,,
2.830000,SEND,1,2662,,
2.830240,RECEIVE,1,426,2380.240000,6.496000
2.831000,SEND,1,2663,,
2.832000,SEND,1,2664,,
2.833000,SEND,1,2665,,
2.834000,SEND,1,2666,,
2.835000,SEND,1,2667,,
2.836000,SEND,1,2668,,
2.837000,SEND,1,2669,,
2.837232,TX_START,1,431,,
2.837232,TX_START,1,630,,
2.838000,SEND,1,2670,,
2.838736,RECEIVE,1,428,2386.736000,6.496000
2.839000,SEND,1,2671,,
2.840000,SEND,1,2672,,
2.841000,SEND,1,2673,,
2.842000,SEND,1,2674,,
2.843000,SEND,1,2675,,
2.844000,SEND,1,2676,,
2.845000,SEND,1,2677,,
2.845728,TX_START,1,433,,
2.845728,TX_START,1,632,,
2.846000,SEND,1,2678,,
2.847000,SEND,1,2679,,
2.847232,RECEIVE,1,430,2393.232000,6.496000
2.848000,SEND,1,2680,,
2.849000,SEND,1,2681,,
2.850000,SEND,1,2682,,
2.851000,SEND,1,2683,,
2.852000,SEND,1,2684,,
2.853000,SEND,1,2685,,
2.854000,SEND,1,2686,,
2.854224,TX_START,1,435,,
2.854224,TX_START,1,635,,
2.855000,SEND,1,2687,,
2.855728,RECEIVE,1,431,2400.728000,7.496000
2.856000,SEND,1,2688,,
2.857000,SEND,1,2689,,
2.858000,SEND,1,2690,,
2.859000,SEND,1,2691,,
2.860000,SEND,1,2692,,
2.861000,SEND,1,2693,,
2.862000,SEND,1,2694,,
2.862720,TX_START,1,437,,
2.862720,TX_START,1,637,,
2.863000,SEND,1,2695,,
2.864000,SEND,1,2696,,
2.864224,RECEIVE,1,433,2407.224000,6.496000
2.865000,SEND,1,2697,,
2.866000,SEND,1,2698,,
2.867000,SEND,1,2699,,
2.868000,SEND,1,2700,,
2.869000,SEND,1,2701,,
2.870000,SEND,1,2702,,
2.871000,SEND,1,2703,,
2.871216,TX_START,1,439,,
2.871216,TX_START,1,639,,
2.872000,SEND,1,2704,,
2.872720,RECEIVE,1,435,2413.720000,6.496000
2.873000,SEND,1,2705,,
2.874000,SEND,1,2706,,
2.875000,SEND,1,2707,,
2.876000,SEND,1,2708,,
2.877000,SEND,1,2709,,
2.878000,SEND,1,2710,,
2.879000,SEND,1,2711,,
2.879712,TX_START,1,441,,
2.879712,TX_START,1,641,,
2.880000,SEND,1,2712,,
2.881000,SEND,1,2713,,
2.881216,RECEIVE,1,437,2420.216000,6.496000
2.882000,SEND,1,2714,,
2.883000,SEND,1,2715,,
2.884000,SEND,1,2716,,
2.885000,SEND,1,2717,,
2.886000,SEND,1,2718,,
2.887000,SEND,1,2719,,
2.888000,SEND,1,2720,,
2.888208,TX_START,1,442,,
2.888208,TX_START,1,643,,
2.889000,SEND,1,2721,,
2.889712,RECEIVE,1,439,2426.712000,6.496000
2.890000,SEND,1,2722,,
2.891000,SEND,1,2723,,
2.892000,SEND,1,2724,,
2.893000,SEND,1,2725,,
2.896704,TX_START,1,444,,
2.896704,TX_START,1,646,,
2.898208,RECEIVE,1,441,2433.208000,6.496000
2.900000,SEND,1,2726,,
2.901000,SEND,1,2727,,
2.902000,SEND,1,2728,,
2.903000,SEND,1,2729,,
2.904000,SEND,1,2730,,
2.905000,SEND,1,2731,,
2.905200,TX_START,1,446,,
2.905200,TX_START,1,648,,
2.906000,SEND,1,2732,,
2.906704,RECEIVE,1,442,2440.704000,7.496000
2.907000,SEND,1,2733,,
2.908000,SEND,1,2734,,
2.909000,SEND,1,2735,,
2.910000,SEND,1,2736,,
2.911000,SEND,1,2737,,
2.912000,SEND,1,2738,,
2.913000,SEND,1,2739,,
2.913696,TX_START,1,448,,
2.913696,TX_START,1,650,,
2.914000,SEND,1,2740,,
2.915000,SEND,1,2741,,
2.915200,RECEIVE,1,444,2447.200000,6.496000
2.916000,SEND,1,2742,,
2.917000,SEND,1,2743,,
2.918000,SEND,1,2744,,
2.919000,SEND,1,2745,,
2.920000,SEND,1,2746,,
2.921000,SEND,1,2747,,
2.922000,SEND,1,2748,,
2.922192,TX_START,1,449,,
2.922192,TX_START,1,652,,
2.923000,SEND,1,2749,,
2.923696,RECEIVE,1,446,2453.696000,6.496000
2.924000,SEND,1,2750,,
2.925000,SEND,1,2751,,
2.926000,SEND,1,2752,,
2.927000,SEND,1,2753,,
2.928000,SEND,1,2754,,
2.929000,SEND,1,2755,,
2.930000,SEND,1,2756,,
2.930688,TX_START,1,451,,
2.930688,TX_START,1,654,,
2.931000,SEND,1,2757,,
2.932000,SEND,1,2758,,
2.932192,RECEIVE,1,448,2460.192000,6.496000
2.933000,SEND,1,2759,,
2.934000,SEND,1,2760,,
2.935000,SEND,1,2761,,
2.936000,SEND,1,2762,,
2.937000,SEND,1,2763,,
2.938000,SEND,1,2764,,
2.939000,SEND,1,2765,,
2.939184,TX_START,1,453,,
2.939184,TX_START,1,657,,
2.940000,SEND,1,2766,,
2.940688,RECEIVE,1,449,2467.688000,7.496000
2.941000,SEND,1,2767,,
2.942000,SEND,1,2768,,
2.943000,SEND,1,2769,,
2.944000,SEND,1,2770,,
2.945000,SEND,1,2771,,
2.946000,SEND,1,2772,,
2.947000,SEND,1,2773,,
2.947680,TX_START,1,455,,
2.947680,TX_START,1,659,,
2.948000,SEND,1,2774,,
2.949000,SEND,1,2775,,
2.949184,RECEIVE,1,451,2474.184000,6.496000
2.950000,SEND,1,2776,,
2.951000,SEND,1,2777,,
2.952000,SEND,1,2778,,
2.953000,SEND,1,2779,,
2.954000,SEND,1,2780,,
2.955000,SEND,1,2781,,
2.956000,SEND,1,2782,,
2.956176,TX_START,1,457,,
2.956176,TX_START,1,661,,
2.957000,SEND,1,2783,,
2.957680,RECEIVE,1,453,2480.680000,6.496000
2.958000,SEND,1,2784,,
2.959000,SEND,1,2785,,
2.960000,SEND,1,2786,,
2.961000,SEND,1,2787,,
2.962000,SEND,1,2788,,
2.963000,SEND,1,2789,,
2.964000,SEND,1,2790,,
2.964672,TX_START,1,459,,
2.964672,TX_START,1,663,,
2.965000,SEND,1,2791,,
2.966000,SEND,1,2792,,
2.966176,RECEIVE,1,455,2487.176000,6.496000
2.967000,SEND,1,2793,,
2.968000,SEND,1,2794,,
2.969000,SEND,1,2795,,
2.970000,SEND,1,2796,,
2.971000,SEND,1,2797,,
2.972000,SEND,1,2798,,
2.973000,SEND,1,2799,,
2.973168,TX_START,1,460,,
2.973168,TX_START,1,666,,
2.974000,SEND,1,2800,,
2.974672,RECEIVE,1,457,2493.672000,6.496000
2.975000,SEND,1,2801,,
2.976000,SEND,1,2802,,
2.977000,SEND,1,2803,,
2.978000,SEND,1,2804,,
2.979000,SEND,1,2805,,
2.980000,SEND,1,2806,,
2.981000,SEND,1,2807,,
2.981664,TX_START,1,462,,
2.981664,TX_START,1,668,,
2.982000,SEND,1,2808,,
2.983000,SEND,1,2809,,
2.983168,RECEIVE,1,459,2500.168000,6.496000
2.984000,SEND,1,2810,,
2.985000,SEND,1,2811,,
2.986000,SEND,1,2812,,
2.987000,SEND,1,2813,,
2.988000,SEND,1,2814,,
2.989000,SEND,1,2815,,
2.990000,SEND,1,2816,,
2.990160,TX_START,1,464,,
2.990160,TX_START,1,670,,
2.991000,SEND,1,2817,,
2.991664,RECEIVE,1,460,2507.664000,7.496000
2.992000,SEND,1,2818,,
2.993000,SEND,1,2819,,
2.998656,TX_START,1,466,,
2.998656,TX_START,1,672,,
3.000000,SEND,1,2820,,
3.000160,RECEIVE,1,462,2514.160000,6.496000
3.001000,SEND,1,2821,,
3.002000,SEND,1,2822,,
3.003000,SEND,1,2823,,
3.004000,SEND,1,2824,,
3.005000,SEND,1,2825,,
3.006000,SEND,1,2826,,
3.007000,SEND,1,2827,,
3.007152,TX_START,1,468,,
3.007152,TX_START,1,675,,
3.008000,SEND,1,2828,,
3.008656,RECEIVE,1,464,2520.656000,6.496000
3.009000,SEND,1,2829,,
3.010000,SEND,1,2830,,
3.011000,SEND,1,2831,,
3.012000,SEND,1,2832,,
3.013000,SEND,1,2833,,
3.014000,SEND,1,2834,,
3.015000,SEND,1,2835,,
3.015648,TX_START,1,470,,
3.015648,TX_START,1,677,,
3.016000,SEND,1,2836,,
3.017000,SEND,1,2837,,
3.017152,RECEIVE,1,466,2527.152000,6.496000
3.018000,SEND,1,2838,,
3.019000,SEND,1,2839,,
3.020000,SEND,1,2840,,
3.021000,SEND,1,2841,,
3.022000,SEND,1,2842,,
3.023000,SEND,1,2843,,
3.024000,SEND,1,2844,,
3.024144,TX_START,1,472,,
3.024144,TX_START,1,679,,
3.025000,SEND,1,2845,,
3.025648,RECEIVE,1,468,2533.648000,6.496000
3.026000,SEND,1,2846,,
3.027000,SEND,1,2847,,
3.028000,SEND,1,2848,,
3.029000,SEND,1,2849,,
3.030000,SEND,1,2850,,
3.031000,SEND,1,2851,,
3.032000,SEND,1,2852,,
3.032640,TX_START,1,474,,
3.032640,TX_START,1,681,,
3.033000,SEND,1,2853,,
3.034000,SEND,1,2854,,
3.034144,RECEIVE,1,470,2534.144000,0.496000
3.035000,SEND,1,2855,,
3.036000,SEND,1,2856,,
3.037000,SEND,1,2857,,
3.038000,SEND,1,2858,,
3.039000,SEND,1,2859,,
3.040000,SEND,1,2860,,
3.041000,SEND,1,2861,,
3.041136,TX_START,1,476,,
3.041136,TX_START,1,684,,
3.042000,SEND,1,2862,,
3.042640,RECEIVE,1,472,2540.640000,6.496000
3.043000,SEND,1,2863,,
3.044000,SEND,1,2864,,
3.045000,SEND,1,2865,,
3.046000,SEND,1,2866,,
3.047000,SEND,1,2867,,
3.048000,SEND,1,2868,,
3.049000,SEND,1,2869,,
3.049632,TX_START,1,477,,
3.049632,TX_START,1,686,,
3.050000,SEND,1,2870,,
3.051000,SEND,1,2871,,
3.051136,RECEIVE,1,474,2547.136000,6.496000
3.052000,SEND,1,2872,,
3.053000,SEND,1,2873,,
3.054000,SEND,1,2874,,
3.055000,SEND,1,2875,,
3.056000,SEND,1,2876,,
3.057000,SEND,1,2877,,
3.058000,SEND,1,2878,,
3.058128,TX_START,1,479,,
3.058128,TX_START,1,688,,
3.059000,SEND,1,2879,,
3.059632,RECEIVE,1,476,2553.632000,6.496000
3.060000,SEND,1,2880,,
3.061000,SEND,1,2881,,
3.062000,SEND,1,2882,,
3.063000,SEND,1,2883,,
3.064000,SEND,1,2884,,
3.065000,SEND,1,2885,,
3.066000,SEND,1,2886,,
3.066624,TX_START,1,481,,
3.066624,TX_START,1,690,,
3.067000,SEND,1,2887,,
3.068000,SEND,1,2888,,
3.068128,RECEIVE,1,477,2561.128000,7.496000
3.069000,SEND,1,2889,,
3.070000,SEND,1,2890,,
3.071000,SEND,1,2891,,
3.072000,SEND,1,2892,,
3.073000,SEND,1,2893,,
3.074000,SEND,1,2894,,
3.075000,SEND,1,2895,,
3.075120,TX_START,1,483,,
3.075120,TX_START,1,693,,
3.076000,SEND,1,2896,,
3.076624,RECEIVE,1,479,2567.624000,6.496000
3.077000,SEND,1,2897,,
3.078000,SEND,1,2898,,
3.079000,SEND,1,2899,,
3.080000,SEND,1,2900,,
3.081000,SEND,1,2901,,
3.082000,SEND,1,2902,,
3.083000,SEND,1,2903,,
3.083616,TX_START,1,485,,
3.083616,TX_START,1,695,,
3.084000,SEND,1,2904,,
3.085000,SEND,1,2905,,
3.085120,RECEIVE,1,481,2574.120000,6.496000
3.086000,SEND,1,2906,,
3.087000,SEND,1,2907,,
3.088000,SEND,1,2908,,
3.089000,SEND,1,2909,,
3.090000,SEND,1,2910,,
3.091000,SEND,1,2911,,
3.092000,SEND,1,2912,,
3.092112,TX_START,1,487,,
3.092112,TX_START,1,697,,
3.093000,SEND,1,2913,,
3.093616,RECEIVE,1,483,2580.616000,6.496000
3.100000,SEND,1,2914,,
3.100608,TX_START,1,489,,
3.100608,TX_START,1,700,,
3.101000,SEND,1,2915,,
3.102000,SEND,1,2916,,
3.102112,RECEIVE,1,485,2587.112000,6.496000
3.103000,SEND,1,2917,,
3.104000,SEND,1,2918,,
3.105000,SEND,1,2919,,
3.106000,SEND,1,2920,,
3.107000,SEND,1,2921,,
3.108000,SEND,1,2922,,
3.109000,SEND,1,2923,,
3.109104,TX_START,1,491,,
3.109104,TX_START,1,702,,
3.110000,SEND,1,2924,,
3.110608,RECEIVE,1,487,2593.608000,6.496000
3.111000,SEND,1,2925,,
3.112000,SEND,1,2926,,
3.113000,SEND,1,2927,,
3.114000,SEND,1,2928,,
3.115000,SEND,1,2929,,
3.116000,SEND,1,2930,,
3.117000,SEND,1,2931,,
3.117600,TX_START,1,493,,
3.117600,TX_START,1,704,,
3.118000,SEND,1,2932,,
3.119000,SEND,1,2933,,
3.119104,RECEIVE,1,489,2600.104000,6.496000
3.120000,SEND,1,2934,,
3.121000,SEND,1,2935,,
3.122000,SEND,1,2936,,
3.123000,SEND,1,2937,,
3.124000,SEND,1,2938,,
3.125000,SEND,1,2939,,
3.126000,SEND,1,2940,,
3.126096,TX_START,1,495,,
3.126096,TX_START,1,706,,
3.127000,SEND,1,2941,,
3.127600,RECEIVE,1,491,2606.600000,6.496000
3.128000,SEND,1,2942,,
3.129000,SEND,1,2943,,
3.130000,SEND,1,2944,,
3.131000,SEND,1,2945,,
3.132000,SEND,1,2946,,
3.133000,SEND,1,2947,,
3.134000,SEND,1,2948,,
3.134592,TX_START,1,497,,
3.134592,TX_START,1,709,,
3.135000,SEND,1,2949,,
3.136000,SEND,1,2950,,
3.136096,RECEIVE,1,493,2613.096000,6.496000
3.137000,SEND,1,2951,,
3.138000,SEND,1,2952,,
3.139000,SEND,1,2953,,
3.140000,SEND,1,2954,,
3.141000,SEND,1,2955,,
3.142000,SEND,1,2956,,
3.143000,SEND,1,2957,,
3.143088,TX_START,1,499,,
3.143088,TX_START,1,711,,
3.144000,SEND,1,2958,,
3.144592,RECEIVE,1,495,2619.592000,6.496000
3.145000,SEND,1,2959,,
3.146000,SEND,1,2960,,
3.147000,SEND,1,2961,,
3.148000,SEND,1,2962,,
3.149000,SEND,1,2963,,
3.150000,SEND,1,2964,,
3.151000,SEND,1,2965,,
3.151584,TX_START,1,501,,
3.151584,TX_START,1,713,,
3.152000,SEND,1,2966,,
3.153000,SEND,1,2967,,
3.153088,RECEIVE,1,497,2626.088000,6.496000
3.154000,SEND,1,2968,,
3.155000,SEND,1,2969,,
3.156000,SEND,1,2970,,
3.157000,SEND,1,2971,,
3.158000,SEND,1,2972,,
3.159000,SEND,1,2973,,
3.160000,SEND,1,2974,,
3.160080,TX_START,1,503,,
3.160080,TX_START,1,716,,
3.161000,SEND,1,2975,,
3.161584,RECEIVE,1,499,2632.584000,6.496000
3.162000,SEND,1,2976,,
3.163000,SEND,1,2977,,
3.164000,SEND,1,2978,,
3.165000,SEND,1,2979,,
3.166000,SEND,1,2980,,
3.167000,SEND,1,2981,,
3.168000,SEND,1,2982,,
3.168576,TX_START,1,505,,
3.168576,TX_START,1,718,,
3.169000,SEND,1,2983,,
3.170000,SEND,1,2984,,
3.170080,RECEIVE,1,501,2639.080000,6.496000
3.171000,SEND,1,2985,,
3.172000,SEND,1,2986,,
3.173000,SEND,1,2987,,
3.174000,SEND,1,2988,,
3.175000,SEND,1,2989,,
3.176000,SEND,1,2990,,
3.177000,SEND,1,2991,,
3.177072,TX_START,1,507,,
3.177072,TX_START,1,720,,
3.178000,SEND,1,2992,,
3.178576,RECEIVE,1,503,2645.576000,6.496000
3.179000,SEND,1,2993,,
3.180000,SEND,1,2994,,
3.181000,SEND,1,2995,,
3.182000,SEND,1,2996,,
3.183000,SEND,1,2997,,
3.184000,SEND,1,2998,,
3.185000,SEND,1,2999,,
3.185568,TX_START,1,509,,
3.185568,TX_START,1,723,,
3.186000,SEND,1,3000,,
3.187000,SEND,1,3001,,
3.187072,RECEIVE,1,505,2652.072000,6.496000
3.188000,SEND,1,3002,,
3.189000,SEND,1,3003,,
3.190000,SEND,1,3004,,
3.191000,SEND,1,3005,,
3.192000,SEND,1,3006,,
3.193000,SEND,1,3007,,
3.194064,TX_START,1,511,,
3.194064,TX_START,1,725,,
3.195568,RECEIVE,1,507,2658.568000,6.496000
3.200000,SEND,1,3008,,
3.201000,SEND,1,3009,,
3.202000,SEND,1,3010,,
3.202560,TX_START,1,512,,
3.202560,TX_START,1,727,,
3.203000,SEND,1,3011,,
3.204000,SEND,1,3012,,
3.204064,RECEIVE,1,509,2665.064000,6.496000
3.205000,SEND,1,3013,,
3.206000,SEND,1,3014,,
3.207000,SEND,1,3015,,
3.208000,SEND,1,3016,,
3.209000,SEND,1,3017,,
3.210000,SEND,1,3018,,
3.211000,SEND,1,3019,,
3.211056,TX_START,1,514,,
3.211056,TX_START,1,730,,
3.212000,SEND,1,3020,,
3.212560,RECEIVE,1,511,2671.560000,6.496000
3.213000,SEND,1,3021,,
3.214000,SEND,1,3022,,
3.215000,SEND,1,3023,,
3.216000,SEND,1,3024,,
3.217000,SEND,1,3025,,
3.218000,SEND,1,3026,,
3.219000,SEND,1,3027,,
3.219552,TX_START,1,516,,
3.219552,TX_START,1,732,,
3.220000,SEND,1,3028,,
3.221000,SEND,1,3029,,
3.221056,RECEIVE,1,512,2679.056000,7.496000
3.222000,SEND,1,3030,,
3.223000,SEND,1,3031,,
3.224000,SEND,1,3032,,
3.225000,SEND,1,3033,,
3.226000,SEND,1,3034,,
3.227000,SEND,1,3035,,
3.228000,SEND,1,3036,,
3.228048,TX_START,1,518,,
3.228048,TX_START,1,734,,
3.229000,SEND,1,3037,,
3.229552,RECEIVE,1,514,2685.552000,6.496000
3.230000,SEND,1,3038,,
3.231000,SEND,1,3039,,
3.232000,SEND,1,3040,,
3.233000,SEND,1,3041,,
3.234000,SEND,1,3042,,
3.235000,SEND,1,3043,,
3.236000,SEND,1,3044,,
3.236544,TX_START,1,520,,
3.236544,TX_START,1,737,,
3.237000,SEND,1,3045,,
3.238000,SEND,1,3046,,
3.238048,RECEIVE,1,516,2692.048000,6.496000
3.239000,SEND,1,3047,,
3.240000,SEND,1,3048,,
3.241000,SEND,1,3049,,
3.242000,SEND,1,3050,,
3.243000,SEND,1,3051,,
3.244000,SEND,1,3052,,
3.245000,SEND,1,3053,,
3.245040,TX_START,1,522,,
3.245040,TX_START,1,739,,
3.246000,SEND,1,3054,,
3.246544,RECEIVE,1,518,2698.544000,6.496000
3.247000,SEND,1,3055,,
3.248000,SEND,1,3056,,
3.249000,SEND,1,3057,,
3.250000,SEND,1,3058,,
3.251000,SEND,1,3059,,
3.252000,SEND,1,3060,,
3.253000,SEND,1,3061,,
3.253536,TX_START,1,524,,
3.253536,TX_START,1,741,,
3.254000,SEND,1,3062,,
3.255000,SEND,1,3063,,
3.255040,RECEIVE,1,520,2705.040000,6.496000
3.256000,SEND,1,3064,,
3.257000,SEND,1,3065,,
3.258000,SEND,1,3066,,
3.259000,SEND,1,3067,,
3.260000,SEND,1,3068,,
3.261000,SEND,1,3069,,
3.262000,SEND,1,3070,,
3.262032,TX_START,1,526,,
3.262032,TX_START,1,744,,
3.263000,SEND,1,3071,,
3.263536,RECEIVE,1,522,2711.536000,6.496000
3.264000,SEND,1,3072,,
3.265000,SEND,1,3073,,
3.266000,SEND,1,3074,,
3.267000,SEND,1,3075,,
3.268000,SEND,1,3076,,
3.269000,SEND,1,3077,,
3.270000,SEND,1,3078,,
3.270528,TX_START,1,528,,
3.270528,TX_START,1,746,,
3.271000,SEND,1,3079,,
3.272000,SEND,1,3080,,
3.272032,RECEIVE,1,524,2718.032000,6.496000
3.273000,SEND,1,3081,,
3.274000,SEND,1,3082,,
3.275000,SEND,1,3083,,
3.276000,SEND,1,3084,,
3.277000,SEND,1,3085,,
3.278000,SEND,1,3086,,
3.279000,SEND,1,3087,,
3.279024,TX_START,1,530,,
3.279024,TX_START,1,749,,
3.280000,SEND,1,3088,,
3.280528,RECEIVE,1,526,2724.528000,6.496000
3.281000,SEND,1,3089,,
3.282000,SEND,1,3090,,
3.283000,SEND,1,3091,,
3.284000,SEND,1,3092,,
3.285000,SEND,1,3093,,
3.286000,SEND,1,3094,,
3.287000,SEND,1,3095,,
3.287520,TX_START,1,532,,
3.287520,TX_START,1,751,,
3.288000,SEND,1,3096,,
3.289000,SEND,1,3097,,
3.289024,RECEIVE,1,528,2731.024000,6.496000
3.290000,SEND,1,3098,,
3.291000,SEND,1,3099,,
3.292000,SEND,1,3100,,
3.293000,SEND,1,3101,,
3.296016,TX_START,1,534,,
3.296016,TX_START,1,753,,
3.297520,RECEIVE,1,530,2737.520000,6.496000
3.300000,SEND,1,3102,,
3.301000,SEND,1,3103,,
3.302000,SEND,1,3104,,
3.303000,SEND,1,3105,,
3.304000,SEND,1,3106,,
3.304512,TX_START,1,536,,
3.304512,TX_START,1,756,,
3.305000,SEND,1,3107,,
3.306000,SEND,1,3108,,
3.306016,RECEIVE,1,532,2744.016000,6.496000
3.307000,SEND,1,3109,,
3.308000,SEND,1,3110,,
3.309000,SEND,1,3111,,
3.310000,SEND,1,3112,,
3.311000,SEND,1,3113,,
3.312000,SEND,1,3114,,
3.313000,SEND,1,3115,,
3.313008,TX_START,1,539,,
3.313008,TX_START,1,758,,
3.314000,SEND,1,3116,,
3.314512,RECEIVE,1,534,2750.512000,6.496000
3.315000,SEND,1,3117,,
3.316000,SEND,1,3118,,
3.317000,SEND,1,3119,,
3.318000,SEND,1,3120,,
3.319000,SEND,1,3121,,
3.320000,SEND,1,3122,,
3.321000,SEND,1,3123,,
3.321504,TX_START,1,541,,
3.321504,TX_START,1,760,,
3.322000,SEND,1,3124,,
3.323000,SEND,1,3125,,
3.323008,RECEIVE,1,536,2757.008000,6.496000
3.324000,SEND,1,3126,,
3.325000,SEND,1,3127,,
3.326000,SEND,1,3128,,
3.327000,SEND,1,3129,,
3.328000,SEND,1,3130,,
3.329000,SEND,1,3131,,
3.330000,TX_START,1,543,,
3.330000,SEND,1,3132,,
3.330000,TX_START,1,763,,
3.331000,SEND,1,3133,,
3.331504,RECEIVE,1,539,2762.504000,5.496000
3.332000,SEND,1,3134,,
3.333000,SEND,1,3135,,
3.334000,SEND,1,3136,,
3.335000,SEND,1,3137,,
3.336000,SEND,1,3138,,
3.337000,SEND,1,3139,,
3.338000,SEND,1,3140,,
3.338496,TX_START,1,545,,
3.338496,TX_START,1,765,,
3.339000,SEND,1,3141,,
3.340000,RECEIVE,1,541,2769.000000,6.496000
3.340000,SEND,1,3142,,
3.341000,SEND,1,3143,,
3.342000,SEND,1,3144,,
3.343000,SEND,1,3145,,
3.344000,SEND,1,3146,,
3.345000,SEND,1,3147,,
3.346000,SEND,1,3148,,
3.346992,TX_START,1,547,,
3.346992,TX_START,1,768,,
3.347000,SEND,1,3149,,
3.348000,SEND,1,3150,,
3.348496,RECEIVE,1,543,2775.496000,6.496000
3.349000,SEND,1,3151,,
3.350000,SEND,1,3152,,
3.351000,SEND,1,3153,,
3.352000,SEND,1,3154,,
3.353000,SEND,1,3155,,
3.354000,SEND,1,3156,,
3.355000,SEND,1,3157,,
3.355488,TX_START,1,549,,
3.355488,TX_START,1,770,,
3.356000,SEND,1,3158,,
3.356992,RECEIVE,1,545,2781.992000,6.496000
3.357000,SEND,1,3159,,
3.358000,SEND,1,3160,,
3.359000,SEND,1,3161,,
3.360000,SEND,1,3162,,
3.361000,SEND,1,3163,,
3.362000,SEND,1,3164,,
3.363000,SEND,1,3165,,
3.363984,TX_START,1,551,,
3.363984,TX_START,1,772,,
3.364000,SEND,1,3166,,
3.365000,SEND,1,3167,,
3.365488,RECEIVE,1,547,2788.488000,6.496000
3.366000,SEND,1,3168,,
3.367000,SEND,1,3169,,
3.368000,SEND,1,3170,,
3.369000,SEND,1,3171,,
3.370000,SEND,1,3172,,
3.371000,SEND,1,3173,,
3.372000,SEND,1,3174,,
3.372480,TX_START,1,553,,
3.372480,TX_START,1,775,,
3.373000,SEND,1,3175,,
3.373984,RECEIVE,1,549,2794.984000,6.496000
3.374000,SEND,1,3176,,
3.375000,SEND,1,3177,,
3.376000,SEND,1,3178,,
3.377000,SEND,1,3179,,
3.378000,SEND,1,3180,,
3.379000,SEND,1,3181,,
3.380000,SEND,1,3182,,
3.380976,TX_START,1,555,,
3.380976,TX_START,1,777,,
3.381000,SEND,1,3183,,
3.382000,SEND,1,3184,,
3.382480,RECEIVE,1,551,2801.480000,6.496000
3.383000,SEND,1,3185,,
3.384000,SEND,1,3186,,
3.385000,SEND,1,3187,,
3.386000,SEND,1,3188,,
3.387000,SEND,1,3189,,
3.388000,SEND,1,3190,,
3.389000,SEND,1,3191,,
3.389472,TX_START,1,557,,
3.389472,TX_START,1,780,,
3.390000,SEND,1,3192,,
3.390976,RECEIVE,1,553,2807.976000,6.496000
3.391000,SEND,1,3193,,
3.392000,SEND,1,3194,,
3.393000,SEND,1,3195,,
3.397968,TX_START,1,559,,
3.397968,TX_START,1,782,,
3.399472,RECEIVE,1,555,2814.472000,6.496000
3.400000,SEND,1,3196,,
3.401000,SEND,1,3197,,
3.402000,SEND,1,3198,,
3.403000,SEND,1,3199,,
3.404000,SEND,1,3200,,
3.405000,SEND,1,3201,,
3.406000,SEND,1,3202,,
3.406464,TX_START,1,561,,
3.406464,TX_START,1,784,,
3.407000,SEND,1,3203,,
3.407968,RECEIVE,1,557,2820.968000,6.496000
3.408000,SEND,1,3204,,
3.409000,SEND,1,3205,,
3.410000,SEND,1,3206,,
3.411000,SEND,1,3207,,
3.412000,SEND,1,3208,,
3.413000,SEND,1,3209,,
3.414000,SEND,1,3210,,
3.414960,TX_START,1,563,,
3.414960,TX_START,1,787,,
3.415000,SEND,1,3211,,
3.416000,SEND,1,3212,,
3.416464,RECEIVE,1,559,2827.464000,6.496000
3.416976,TX_START,1,564,,
3.416976,TX_START,1,788,,
3.417000,SEND,1,3213,,
3.418000,SEND,1,3214,,
3.419000,SEND,1,3215,,
3.420000,SEND,1,3216,,
3.421000,SEND,1,3217,,
3.422000,SEND,1,3218,,
3.423000,SEND,1,3219,,
3.424000,SEND,1,3220,,
3.424960,RECEIVE,1,561,2833.960000,6.496000
3.425000,SEND,1,3221,,
3.425472,TX_START,1,566,,
3.425472,TX_START,1,791,,
3.426000,SEND,1,3222,,
3.426976,RECEIVE,1,563,2833.976000,0.016000
3.427000,SEND,1,3223,,
3.428000,SEND,1,3224,,
3.429000,SEND,1,3225,,
3.430000,SEND,1,3226,,
3.431000,SEND,1,3227,,
3.432000,SEND,1,3228,,
3.433000,SEND,1,3229,,
3.433968,TX_START,1,568,,
3.433968,TX_START,1,793,,
3.434000,SEND,1,3230,,
3.435000,SEND,1,3231,,
3.435472,RECEIVE,1,564,2835.472000,1.496000
3.436000,SEND,1,3232,,
3.437000,SEND,1,3233,,
3.438000,SEND,1,3234,,
3.439000,SEND,1,3235,,
3.440000,SEND,1,3236,,
3.441000,SEND,1,3237,,
3.442000,SEND,1,3238,,
3.442464,TX_START,1,571,,
3.442464,TX_START,1,796,,
3.443000,SEND,1,3239,,
3.443968,RECEIVE,1,566,2841.968000,6.496000
3.444000,SEND,1,3240,,
3.445000,SEND,1,3241,,
3.446000,SEND,1,3242,,
3.447000,SEND,1,3243,,
3.448000,SEND,1,3244,,
3.449000,SEND,1,3245,,
3.450000,SEND,1,3246,,
3.450960,TX_START,1,573,,
3.450960,TX_START,1,798,,
3.451000,SEND,1,3247,,
3.452000,SEND,1,3248,,
3.452464,RECEIVE,1,568,2848.464000,6.496000
3.453000,SEND,1,3249,,
3.454000,SEND,1,3250,,
3.455000,SEND,1,3251,,
3.456000,SEND,1,3252,,
3.457000,SEND,1,3253,,
3.458000,SEND,1,3254,,
3.459000,SEND,1,3255,,
3.459456,TX_START,1,575,,
3.459456,TX_START,1,800,,
3.460000,SEND,1,3256,,
3.460960,RECEIVE,1,571,2853.960000,5.496000
3.461000,SEND,1,3257,,
3.462000,SEND,1,3258,,
3.463000,SEND,1,3259,,
3.464000,SEND,1,3260,,
3.465000,SEND,1,3261,,
3.466000,SEND,1,3262,,
3.467000,SEND,1,3263,,
3.467952,TX_START,1,577,,
3.467952,TX_START,1,803,,
3.468000,SEND,1,3264,,
3.469000,SEND,1,3265,,
3.469456,RECEIVE,1,573,2860.456000,6.496000
3.470000,SEND,1,3266,,
3.471000,SEND,1,3267,,
3.472000,SEND,1,3268,,
3.473000,SEND,1,3269,,
3.474000,SEND,1,3270,,
3.475000,SEND,1,3271,,
3.476000,SEND,1,3272,,
3.476448,TX_START,1,579,,
3.476448,TX_START,1,805,,
3.477000,SEND,1,3273,,
3.477952,RECEIVE,1,575,2866.952000,6.496000
3.478000,SEND,1,3274,,
3.479000,SEND,1,3275,,
3.480000,SEND,1,3276,,
3.481000,SEND,1,3277,,
3.482000,SEND,1,3278,,
3.483000,SEND,1,3279,,
3.484000,SEND,1,3280,,
3.484944,TX_START,1,581,,
3.484944,TX_START,1,808,,
3.485000,SEND,1,3281,,
3.486000,SEND,1,3282,,
3.486448,RECEIVE,1,577,2873.448000,6.496000
3.487000,SEND,1,3283,,
3.488000,SEND,1,3284,,
3.489000,SEND,1,3285,,
3.490000,SEND,1,3286,,
3.491000,SEND,1,3287,,
3.492000,SEND,1,3288,,
3.493000,SEND,1,3289,,
3.493440,TX_START,1,583,,
3.493440,TX_START,1,810,,
3.494944,RECEIVE,1,579,2879.944000,6.496000
3.500000,SEND,1,3290,,
3.501000,SEND,1,3291,,
3.501936,TX_START,1,585,,
3.501936,TX_START,1,813,,
3.502000,SEND,1,3292,,
3.503000,SEND,1,3293,,
3.503440,RECEIVE,1,581,2886.440000,6.496000
3.504000,SEND,1,3294,,
3.505000,SEND,1,3295,,
3.506000,SEND,1,3296,,
3.507000,SEND,1,3297,,
3.508000,SEND,1,3298,,
3.509000,SEND,1,3299,,
3.510000,SEND,1,3300,,
3.510432,TX_START,1,587,,
3.510432,TX_START,1,815,,
3.511000,SEND,1,3301,,
3.511936,RECEIVE,1,583,2892.936000,6.496000
3.512000,SEND,1,3302,,
3.513000,SEND,1,3303,,
3.514000,SEND,1,3304,,
3.515000,SEND,1,3305,,
3.516000,SEND,1,3306,,
3.517000,SEND,1,3307,,
3.518000,SEND,1,3308,,
3.518928,TX_START,1,589,,
3.518928,TX_START,1,818,,
3.519000,SEND,1,3309,,
3.520000,SEND,1,3310,,
3.520432,RECEIVE,1,585,2899.432000,6.496000
3.521000,SEND,1,3311,,
3.522000,SEND,1,3312,,
3.523000,SEND,1,3313,,
3.524000,SEND,1,3314,,
3.525000,SEND,1,3315,,
3.526000,SEND,1,3316,,
3.527000,SEND,1,3317,,
3.527424,TX_START,1,592,,
3.527424,TX_START,1,820,,
3.528000,SEND,1,3318,,
3.528928,RECEIVE,1,587,2905.928000,6.496000
3.529000,SEND,1,3319,,
3.530000,SEND,1,3320,,
3.531000,SEND,1,3321,,
3.532000,SEND,1,3322,,
3.533000,SEND,1,3323,,
3.534000,SEND,1,3324,,
3.535000,SEND,1,3325,,
3.535920,TX_START,1,594,,
3.535920,TX_START,1,823,,
3.536000,SEND,1,3326,,
3.537000,SEND,1,3327,,
3.537424,RECEIVE,1,589,2912.424000,6.496000
3.538000,SEND,1,3328,,
3.539000,SEND,1,3329,,
3.540000,SEND,1,3330,,
3.541000,SEND,1,3331,,
3.542000,SEND,1,3332,,
3.543000,SEND,1,3333,,
3.544000,SEND,1,3334,,
3.544416,TX_START,1,596,,
3.544416,TX_START,1,825,,
3.545000,SEND,1,3335,,
3.545920,RECEIVE,1,592,2917.920000,5.496000
3.546000,SEND,1,3336,,
3.547000,SEND,1,3337,,
3.548000,SEND,1,3338,,
3.549000,SEND,1,3339,,
3.550000,SEND,1,3340,,
3.551000,SEND,1,3341,,
3.552000,SEND,1,3342,,
3.552912,TX_START,1,598,,
3.552912,TX_START,1,828,,
3.553000,SEND,1,3343,,
3.554000,SEND,1,3344,,
3.554416,RECEIVE,1,594,2924.416000,6.496000
3.555000,SEND,1,3345,,
3.556000,SEND,1,3346,,
3.557000,SEND,1,3347,,
3.558000,SEND,1,3348,,
3.559000,SEND,1,3349,,
3.560000,SEND,1,3350,,
3.561000,SEND,1,3351,,
3.561408,TX_START,1,600,,
3.561408,TX_START,1,830,,
3.562000,SEND,1,3352,,
3.562912,RECEIVE,1,596,2930.912000,6.496000
3.563000,SEND,1,3353,,
3.564000,SEND,1,3354,,
3.565000,SEND,1,3355,,
3.566000,SEND,1,3356,,
3.567000,SEND,1,3357,,
3.568000,SEND,1,3358,,
3.569000,SEND,1,3359,,
3.569904,TX_START,1,602,,
3.569904,TX_START,1,832,,
3.570000,SEND,1,3360,,
3.571000,SEND,1,3361,,
3.571408,RECEIVE,1,598,2937.408000,6.496000
3.572000,SEND,1,3362,,
3.573000,SEND,1,3363,,
3.574000,SEND,1,3364,,
3.575000,SEND,1,3365,,
3.576000,SEND,1,3366,,
3.577000,SEND,1,3367,,
3.578000,SEND,1,3368,,
3.578400,TX_START,1,604,,
3.578400,TX_START,1,835,,
3.579000,SEND,1,3369,,
3.579904,RECEIVE,1,600,2943.904000,6.496000
3.580000,SEND,1,3370,,
3.581000,SEND,1,3371,,
3.582000,SEND,1,3372,,
3.583000,SEND,1,3373,,
3.584000,SEND,1,3374,,
3.585000,SEND,1,3375,,
3.586000,SEND,1,3376,,
3.586896,TX_START,1,606,,
3.586896,TX_START,1,837,,
3.587000,SEND,1,3377,,
3.588000,SEND,1,3378,,
3.588400,RECEIVE,1,602,2950.400000,6.496000
3.589000,SEND,1,3379,,
3.590000,SEND,1,3380,,
3.591000,SEND,1,3381,,
3.592000,SEND,1,3382,,
3.593000,SEND,1,3383,,
3.595392,TX_START,1,609,,
3.595392,TX_START,1,840,,
3.596896,RECEIVE,1,604,2956.896000,6.496000
3.600000,SEND,1,3384,,
3.601000,SEND,1,3385,,
3.602000,SEND,1,3386,,
3.603000,SEND,1,3387,,
3.603888,TX_START,1,611,,
3.603888,TX_START,1,842,,
3.604000,SEND,1,3388,,
3.605000,SEND,1,3389,,
3.605392,RECEIVE,1,606,2963.392000,6.496000
3.606000,SEND,1,3390,,
3.607000,SEND,1,3391,,
3.608000,SEND,1,3392,,
3.609000,SEND,1,3393,,
3.610000,SEND,1,3394,,
3.611000,SEND,1,3395,,
3.612000,SEND,1,3396,,
3.612384,TX_START,1,613,,
3.612384,TX_START,1,845,,
3.613000,SEND,1,3397,,
3.613888,RECEIVE,1,609,2968.888000,5.496000
3.614000,SEND,1,3398,,
3.615000,SEND,1,3399,,
3.616000,SEND,1,3400,,
3.617000,SEND,1,3401,,
3.618000,SEND,1,3402,,
3.619000,SEND,1,3403,,
3.620000,SEND,1,3404,,
3.620880,TX_START,1,615,,
3.620880,TX_START,1,848,,
3.621000,SEND,1,3405,,
3.622000,SEND,1,3406,,
3.622384,RECEIVE,1,611,2975.384000,6.496000
3.623000,SEND,1,3407,,
3.624000,SEND,1,3408,,
3.625000,SEND,1,3409,,
3.626000,SEND,1,3410,,
3.627000,SEND,1,3411,,
3.628000,SEND,1,3412,,
3.629000,SEND,1,3413,,
3.629376,TX_START,1,617,,
3.629376,TX_START,1,850,,
3.630000,SEND,1,3414,,
3.630880,RECEIVE,1,613,2981.880000,6.496000
3.631000,SEND,1,3415,,
3.632000,SEND,1,3416,,
3.633000,SEND,1,3417,,
3.634000,SEND,1,3418,,
3.635000,SEND,1,3419,,
3.636000,SEND,1,3420,,
3.637000,SEND,1,3421,,
3.637872,TX_START,1,619,,
3.637872,TX_START,1,853,,
3.638000,SEND,1,3422,,
3.639000,SEND,1,3423,,
3.639376,RECEIVE,1,615,2988.376000,6.496000
3.640000,SEND,1,3424,,
3.641000,SEND,1,3425,,
3.642000,SEND,1,3426,,
3.643000,SEND,1,3427,,
3.644000,SEND,1,3428,,
3.645000,SEND,1,3429,,
3.646000,SEND,1,3430,,
3.646368,TX_START,1,622,,
3.646368,TX_START,1,855,,
3.647000,SEND,1,3431,,
3.647872,RECEIVE,1,617,2994.872000,6.496000
3.648000,SEND,1,3432,,
3.649000,SEND,1,3433,,
3.650000,SEND,1,3434,,
3.651000,SEND,1,3435,,
3.652000,SEND,1,3436,,
3.653000,SEND,1,3437,,
3.654000,SEND,1,3438,,
3.654864,TX_START,1,624,,
3.654864,TX_START,1,858,,
3.655000,SEND,1,3439,,
3.656000,SEND,1,3440,,
3.656368,RECEIVE,1,619,3001.368000,6.496000
3.657000,SEND,1,3441,,
3.658000,SEND,1,3442,,
3.659000,SEND,1,3443,,
3.660000,SEND,1,3444,,
3.661000,SEND,1,3445,,
3.662000,SEND,1,3446,,
3.663000,SEND,1,3447,,
3.663360,TX_START,1,626,,
3.663360,TX_START,1,860,,
3.664000,SEND,1,3448,,
3.664864,RECEIVE,1,622,3006.864000,5.496000
3.665000,SEND,1,3449,,
3.666000,SEND,1,3450,,
3.667000,SEND,1,3451,,
3.668000,SEND,1,3452,,
3.669000,SEND,1,3453,,
3.670000,SEND,1,3454,,
3.671000,SEND,1,3455,,
3.671856,TX_START,1,628,,
3.671856,TX_START,1,863,,
3.672000,SEND,1,3456,,
3.673000,SEND,1,3457,,
3.673360,RECEIVE,1,624,3013.360000,6.496000
3.674000,SEND,1,3458,,
3.675000,SEND,1,3459,,
3.676000,SEND,1,3460,,
3.677000,SEND,1,3461,,
3.678000,SEND,1,3462,,
3.679000,SEND,1,3463,,
3.680000,SEND,1,3464,,
3.680352,TX_START,1,630,,
3.680352,TX_START,1,865,,
3.681000,SEND,1,3465,,
3.681856,RECEIVE,1,626,3019.856000,6.496000
3.682000,SEND,1,3466,,
3.683000,SEND,1,3467,,
3.684000,SEND,1,3468,,
3.685000,SEND,1,3469,,
3.686000,SEND,1,3470,,
3.687000,SEND,1,3471,,
3.688000,SEND,1,3472,,
3.688848,TX_START,1,632,,
3.688848,TX_START,1,868,,
3.689000,SEND,1,3473,,
3.690000,SEND,1,3474,,
3.690352,RECEIVE,1,628,3026.352000,6.496000
3.691000,SEND,1,3475,,
3.692000,SEND,1,3476,,
3.693000,SEND,1,3477,,
3.697344,TX_START,1,635,,
3.697344,TX_START,1,870,,
3.698848,RECEIVE,1,630,3032.848000,6.496000
3.700000,SEND,1,3478,,
3.701000,SEND,1,3479,,
3.702000,SEND,1,3480,,
3.703000,SEND,1,3481,,
3.704000,SEND,1,3482,,
3.705000,SEND,1,3483,,
3.705840,TX_START,1,637,,
3.705840,TX_START,1,873,,
3.706000,SEND,1,3484,,
3.707000,SEND,1,3485,,
3.707344,RECEIVE,1,632,3039.344000,6.496000
3.708000,SEND,1,3486,,
3.709000,SEND,1,3487,,
3.710000,SEND,1,3488,,
3.711000,SEND,1,3489,,
3.712000,SEND,1,3490,,
3.713000,SEND,1,3491,,
3.714000,SEND,1,3492,,
3.714336,TX_START,1,639,,
3.714336,TX_START,1,875,,
3.715000,SEND,1,3493,,
3.715840,RECEIVE,1,635,3044.840000,5.496000
3.716000,SEND,1,3494,,
3.717000,SEND,1,3495,,
3.718000,SEND,1,3496,,
3.719000,SEND,1,3497,,
3.720000,SEND,1,3498,,
3.721000,SEND,1,3499,,
3.722000,SEND,1,3500,,
3.722832,TX_START,1,641,,
3.722832,TX_START,1,878,,
3.723000,SEND,1,3501,,
3.724000,SEND,1,3502,,
3.724336,RECEIVE,1,637,3051.336000,6.496000
3.725000,SEND,1,3503,,
3.726000,SEND,1,3504,,
3.727000,SEND,1,3505,,
3.728000,SEND,1,3506,,
3.729000,SEND,1,3507,,
3.730000,SEND,1,3508,,
3.731000,SEND,1,3509,,
3.731328,TX_START,1,643,,
3.731328,TX_START,1,881,,
3.732000,SEND,1,3510,,
3.732832,RECEIVE,1,639,3057.832000,6.496000
3.733000,SEND,1,3511,,
3.734000,SEND,1,3512,,
3.735000,SEND,1,3513,,
3.736000,SEND,1,3514,,
3.737000,SEND,1,3515,,
3.738000,SEND,1,3516,,
3.739000,SEND,1,3517,,
3.739824,TX_START,1,646,,
3.739824,TX_START,1,883,,
3.740000,SEND,1,3518,,
3.741000,SEND,1,3519,,
3.741328,RECEIVE,1,641,3064.328000,6.496000
3.742000,SEND,1,3520,,
3.743000,SEND,1,3521,,
3.744000,SEND,1,3522,,
3.745000,SEND,1,3523,,
3.746000,SEND,1,3524,,
3.747000,SEND,1,3525,,
3.748000,SEND,1,3526,,
3.748320,TX_START,1,648,,
3.748320,TX_START,1,886,,
3.749000,SEND,1,3527,,
3.749824,RECEIVE,1,643,3070.824000,6.496000
3.750000,SEND,1,3528,,
3.751000,SEND,1,3529,,
3.752000,SEND,1,3530,,
3.753000,SEND,1,3531,,
3.754000,SEND,1,3532,,
3.755000,SEND,1,3533,,
3.756000,SEND,1,3534,,
3.756816,TX_START,1,650,,
3.756816,TX_START,1,888,,
3.757000,SEND,1,3535,,
3.758000,SEND,1,3536,,
3.758320,RECEIVE,1,646,3076.320000,5.496000
3.759000,SEND,1,3537,,
3.760000,SEND,1,3538,,
3.761000,SEND,1,3539,,
3.762000,SEND,1,3540,,
3.763000,SEND,1,3541,,
3.764000,SEND,1,3542,,
3.765000,SEND,1,3543,,
3.765312,TX_START,1,652,,
3.765312,TX_START,1,891,,
3.766000,SEND,1,3544,,
3.766816,RECEIVE,1,648,3082.816000,6.496000
3.767000,SEND,1,3545,,
3.768000,SEND,1,3546,,
3.769000,SEND,1,3547,,
3.770000,SEND,1,3548,,
3.771000,SEND,1,3549,,
3.772000,SEND,1,3550,,
3.773000,SEND,1,3551,,
3.773808,TX_START,1,654,,
3.773808,TX_START,1,893,,
3.774000,SEND,1,3552,,
3.775000,SEND,1,3553,,
3.775312,RECEIVE,1,650,3089.312000,6.496000
3.776000,SEND,1,3554,,
3.777000,SEND,1,3555,,
3.778000,SEND,1,3556,,
3.779000,SEND,1,3557,,
3.780000,SEND,1,3558,,
3.781000,SEND,1,3559,,
3.782000,SEND,1,3560,,
3.782304,TX_START,1,657,,
3.782304,TX_START,1,896,,
3.783000,SEND,1,3561,,
3.783808,RECEIVE,1,652,3095.808000,6.496000
3.784000,SEND,1,3562,,
3.784320,TX_START,1,659,,
3.784320,TX_START,1,897,,
3.785000,SEND,1,3563,,
3.786000,SEND,1,3564,,
3.787000,SEND,1,3565,,
3.788000,SEND,1,3566,,
3.789000,SEND,1,3567,,
3.790000,SEND,1,3568,,
3.791000,SEND,1,3569,,
3.792000,SEND,1,3570,,
3.792304,RECEIVE,1,654,3102.304000,6.496000
3.792816,TX_START,1,661,,
3.792816,TX_START,1,900,,
3.793000,SEND,1,3571,,
3.794320,RECEIVE,1,657,3101.320000,0.984000
3.800000,SEND,1,3572,,
3.801000,SEND,1,3573,,
3.801312,TX_START,1,663,,
3.801312,TX_START,1,902,,
3.802000,SEND,1,3574,,
3.802816,RECEIVE,1,659,3101.816000,0.496000
3.803000,SEND,1,3575,,
3.804000,SEND,1,3576,,
3.805000,SEND,1,3577,,
3.806000,SEND,1,3578,,
3.807000,SEND,1,3579,,
3.808000,SEND,1,3580,,
3.809000,SEND,1,3581,,
3.809808,TX_START,1,666,,
3.809808,TX_START,1,905,,
3.810000,SEND,1,3582,,
3.811000,SEND,1,3583,,
3.811312,RECEIVE,1,661,3108.312000,6.496000
3.812000,SEND,1,3584,,
3.813000,SEND,1,3585,,
3.814000,SEND,1,3586,,
3.815000,SEND,1,3587,,
3.816000,SEND,1,3588,,
3.817000,SEND,1,3589,,
3.818000,SEND,1,3590,,
3.818304,TX_START,1,668,,
3.818304,TX_START,1,908,,
3.819000,SEND,1,3591,,
3.819808,RECEIVE,1,663,3114.808000,6.496000
3.820000,SEND,1,3592,,
3.821000,SEND,1,3593,,
3.822000,SEND,1,3594,,
3.823000,SEND,1,3595,,
3.824000,SEND,1,3596,,
3.825000,SEND,1,3597,,
3.826000,SEND,1,3598,,
3.826800,TX_START,1,670,,
3.826800,TX_START,1,910,,
3.827000,SEND,1,3599,,
3.828000,SEND,1,3600,,
3.828304,RECEIVE,1,666,3120.304000,5.496000
3.829000,SEND,1,3601,,
3.830000,SEND,1,3602,,
3.831000,SEND,1,3603,,
3.832000,SEND,1,3604,,
3.833000,SEND,1,3605,,
3.834000,SEND,1,3606,,
3.835000,SEND,1,3607,,
3.835296,TX_START,1,672,,
3.835296,TX_START,1,913,,
3.836000,SEND,1,3608,,
3.836800,RECEIVE,1,668,3126.800000,6.496000
3.837000,SEND,1,3609,,
3.838000,SEND,1,3610,,
3.839000,SEND,1,3611,,
3.840000,SEND,1,3612,,
3.841000,SEND,1,3613,,
3.842000,SEND,1,3614,,
3.843000,SEND,1,3615,,
3.843792,TX_START,1,675,,
3.843792,TX_START,1,915,,
3.844000,SEND,1,3616,,
3.845000,SEND,1,3617,,
3.845296,RECEIVE,1,670,3133.296000,6.496000
3.846000,SEND,1,3618,,
3.847000,SEND,1,3619,,
3.848000,SEND,1,3620,,
3.849000,SEND,1,3621,,
3.850000,SEND,1,3622,,
3.851000,SEND,1,3623,,
3.852000,SEND,1,3624,,
3.852288,TX_START,1,677,,
3.852288,TX_START,1,918,,
3.853000,SEND,1,3625,,
3.853792,RECEIVE,1,672,3139.792000,6.496000
3.854000,SEND,1,3626,,
3.855000,SEND,1,3627,,
3.856000,SEND,1,3628,,
3.857000,SEND,1,3629,,
3.858000,SEND,1,3630,,
3.859000,SEND,1,3631,,
3.860000,SEND,1,3632,,
3.860784,TX_START,1,679,,
3.860784,TX_START,1,921,,
3.861000,SEND,1,3633,,
3.862000,SEND,1,3634,,
3.862288,RECEIVE,1,675,3145.288000,5.496000
3.863000,SEND,1,3635,,
3.864000,SEND,1,3636,,
3.865000,SEND,1,3637,,
3.866000,SEND,1,3638,,
3.867000,SEND,1,3639,,
3.868000,SEND,1,3640,,
3.869000,SEND,1,3641,,
3.869280,TX_START,1,681,,
3.869280,TX_START,1,923,,
3.870000,SEND,1,3642,,
3.870784,RECEIVE,1,677,3151.784000,6.496000
3.871000,SEND,1,3643,,
3.872000,SEND,1,3644,,
3.873000,SEND,1,3645,,
3.874000,SEND,1,3646,,
3.875000,SEND,1,3647,,
3.876000,SEND,1,3648,,
3.877000,SEND,1,3649,,
3.877776,TX_START,1,684,,
3.877776,TX_START,1,926,,
3.878000,SEND,1,3650,,
3.879000,SEND,1,3651,,
3.879280,RECEIVE,1,679,3158.280000,6.496000
3.880000,SEND,1,3652,,
3.881000,SEND,1,3653,,
3.882000,SEND,1,3654,,
3.883000,SEND,1,3655,,
3.884000,SEND,1,3656,,
3.885000,SEND,1,3657,,
3.886000,SEND,1,3658,,
3.886272,TX_START,1,686,,
3.886272,TX_START,1,929,,
3.887000,SEND,1,3659,,
3.887776,RECEIVE,1,681,3164.776000,6.496000
3.888000,SEND,1,3660,,
3.889000,SEND,1,3661,,
3.890000,SEND,1,3662,,
3.891000,SEND,1,3663,,
3.892000,SEND,1,3664,,
3.893000,SEND,1,3665,,
3.894768,TX_START,1,688,,
3.894768,TX_START,1,931,,
3.896272,RECEIVE,1,684,3170.272000,5.496000
3.900000,SEND,1,3666,,
3.901000,SEND,1,3667,,
3.902000,SEND,1,3668,,
3.903000,SEND,1,3669,,
3.903264,TX_START,1,690,,
3.903264,TX_START,1,934,,
3.904000,SEND,1,3670,,
3.904768,RECEIVE,1,686,3176.768000,6.496000
3.905000,SEND,1,3671,,
3.906000,SEND,1,3672,,
3.907000,SEND,1,3673,,
3.908000,SEND,1,3674,,
3.909000,SEND,1,3675,,
3.910000,SEND,1,3676,,
3.911000,SEND,1,3677,,
3.911760,TX_START,1,693,,
3.911760,TX_START,1,936,,
3.912000,SEND,1,3678,,
3.913000,SEND,1,3679,,
3.913264,RECEIVE,1,688,3183.264000,6.496000
3.914000,SEND,1,3680,,
3.915000,SEND,1,3681,,
3.916000,SEND,1,3682,,
3.917000,SEND,1,3683,,
3.918000,SEND,1,3684,,
3.919000,SEND,1,3685,,
3.920000,SEND,1,3686,,
3.920256,TX_START,1,695,,
3.920256,TX_START,1,939,,
3.921000,SEND,1,3687,,
3.921760,RECEIVE,1,690,3189.760000,6.496000
3.922000,SEND,1,3688,,
3.923000,SEND,1,3689,,
3.924000,SEND,1,3690,,
3.925000,SEND,1,3691,,
3.926000,SEND,1,3692,,
3.927000,SEND,1,3693,,
3.928000,SEND,1,3694,,
3.928752,TX_START,1,697,,
3.928752,TX_START,1,942,,
3.929000,SEND,1,3695,,
3.930000,SEND,1,3696,,
3.930256,RECEIVE,1,693,3195.256000,5.496000
3.931000,SEND,1,3697,,
3.932000,SEND,1,3698,,
3.933000,SEND,1,3699,,
3.934000,SEND,1,3700,,
3.935000,SEND,1,3701,,
3.936000,SEND,1,3702,,
3.937000,SEND,1,3703,,
3.937248,TX_START,1,700,,
3.937248,TX_START,1,944,,
3.938000,SEND,1,3704,,
3.938752,RECEIVE,1,695,3201.752000,6.496000
3.939000,SEND,1,3705,,
3.940000,SEND,1,3706,,
3.941000,SEND,1,3707,,
3.942000,SEND,1,3708,,
3.943000,SEND,1,3709,,
3.944000,SEND,1,3710,,
3.945000,SEND,1,3711,,
3.945744,TX_START,1,702,,
3.945744,TX_START,1,947,,
3.946000,SEND,1,3712,,
3.947000,SEND,1,3713,,
3.947248,RECEIVE,1,697,3208.248000,6.496000
3.948000,SEND,1,3714,,
3.949000,SEND,1,3715,,
3.950000,SEND,1,3716,,
3.951000,SEND,1,3717,,
3.952000,SEND,1,3718,,
3.953000,SEND,1,3719,,
3.954000,SEND,1,3720,,
3.954240,TX_START,1,704,,
3.954240,TX_START,1,950,,
3.955000,SEND,1,3721,,
3.955744,RECEIVE,1,700,3213.744000,5.496000
3.956000,SEND,1,3722,,
3.957000,SEND,1,3723,,
3.958000,SEND,1,3724,,
3.959000,SEND,1,3725,,
3.960000,SEND,1,3726,,
3.961000,SEND,1,3727,,
3.962000,SEND,1,3728,,
3.962736,TX_START,1,706,,
3.962736,TX_START,1,952,,
3.963000,SEND,1,3729,,
3.964000,SEND,1,3730,,
3.964240,RECEIVE,1,702,3220.240000,6.496000
3.965000,SEND,1,3731,,
3.966000,SEND,1,3732,,
3.967000,SEND,1,3733,,
3.968000,SEND,1,3734,,
3.969000,SEND,1,3735,,
3.970000,SEND,1,3736,,
3.971000,SEND,1,3737,,
3.971232,TX_START,1,709,,
3.971232,TX_START,1,955,,
3.972000,SEND,1,3738,,
3.972736,RECEIVE,1,704,3226.736000,6.496000
3.973000,SEND,1,3739,,
3.974000,SEND,1,3740,,
3.975000,SEND,1,3741,,
3.976000,SEND,1,3742,,
3.977000,SEND,1,3743,,
3.978000,SEND,1,3744,,
3.979000,SEND,1,3745,,
3.979728,TX_START,1,711,,
3.979728,TX_START,1,958,,
3.980000,SEND,1,3746,,
3.981000,SEND,1,3747,,
3.981232,RECEIVE,1,706,3233.232000,6.496000
3.982000,SEND,1,3748,,
3.983000,SEND,1,3749,,
3.984000,SEND,1,3750,,
3.985000,SEND,1,3751,,
3.986000,SEND,1,3752,,
3.987000,SEND,1,3753,,
3.988000,SEND,1,3754,,
3.988224,TX_START,1,713,,
3.988224,TX_START,1,960,,
3.989000,SEND,1,3755,,
3.989728,RECEIVE,1,709,3238.728000,5.496000
3.990000,SEND,1,3756,,
3.991000,SEND,1,3757,,
3.992000,SEND,1,3758,,
3.993000,SEND,1,3759,,
3.996720,TX_START,1,716,,
3.996720,TX_START,1,963,,
3.998224,RECEIVE,1,711,3245.224000,6.496000
4.000000,SEND,1,3760,,
4.001000,SEND,1,3761,,
4.002000,SEND,1,3762,,
4.003000,SEND,1,3763,,
4.004000,SEND,1,3764,,
4.005000,SEND,1,3765,,
4.005216,TX_START,1,718,,
4.005216,TX_START,1,966,,
4.006000,SEND,1,3766,,
4.006720,RECEIVE,1,713,3251.720000,6.496000
4.007000,SEND,1,3767,,
4.008000,SEND,1,3768,,
4.009000,SEND,1,3769,,
4.010000,SEND,1,3770,,
4.011000,SEND,1,3771,,
4.012000,SEND,1,3772,,
4.013000,SEND,1,3773,,
4.013712,TX_START,1,720,,
4.013712,TX_START,1,968,,
4.014000,SEND,1,3774,,
4.015000,SEND,1,3775,,
4.015216,RECEIVE,1,716,3257.216000,5.496000
4.016000,SEND,1,3776,,
4.017000,SEND,1,3777,,
4.018000,SEND,1,3778,,
4.019000,SEND,1,3779,,
4.020000,SEND,1,3780,,
4.021000,SEND,1,3781,,
4.022000,SEND,1,3782,,
4.022208,TX_START,1,723,,
4.022208,TX_START,1,971,,
4.023000,SEND,1,3783,,
4.023712,RECEIVE,1,718,3263.712000,6.496000
4.024000,SEND,1,3784,,
4.025000,SEND,1,3785,,
4.026000,SEND,1,3786,,
4.027000,SEND,1,3787,,
4.028000,SEND,1,3788,,
4.029000,SEND,1,3789,,
4.030000,SEND,1,3790,,
4.030704,TX_START,1,725,,
4.030704,TX_START,1,974,,
4.031000,SEND,1,3791,,
4.032000,SEND,1,3792,,
4.032208,RECEIVE,1,720,3270.208000,6.496000
4.033000,SEND,1,3793,,
4.034000,SEND,1,3794,,
4.035000,SEND,1,3795,,
4.036000,SEND,1,3796,,
4.037000,SEND,1,3797,,
4.038000,SEND,1,3798,,
4.039000,SEND,1,3799,,
4.039200,TX_START,1,727,,
4.039200,TX_START,1,976,,
4.040000,SEND,1,3800,,
4.040704,RECEIVE,1,723,3275.704000,5.496000
4.041000,SEND,1,3801,,
4.042000,SEND,1,3802,,
4.043000,SEND,1,3803,,
4.044000,SEND,1,3804,,
4.045000,SEND,1,3805,,
4.046000,SEND,1,3806,,
4.047000,SEND,1,3807,,
4.047696,TX_START,1,730,,
4.047696,TX_START,1,979,,
4.048000,SEND,1,3808,,
4.049000,SEND,1,3809,,
4.049200,RECEIVE,1,725,3282.200000,6.496000
4.050000,SEND,1,3810,,
4.051000,SEND,1,3811,,
4.052000,SEND,1,3812,,
4.053000,SEND,1,3813,,
4.054000,SEND,1,3814,,
4.055000,SEND,1,3815,,
4.056000,SEND,1,3816,,
4.056192,TX_START,1,732,,
4.056192,TX_START,1,982,,
4.057000,SEND,1,3817,,
4.057696,RECEIVE,1,727,3288.696000,6.496000
4.058000,SEND,1,3818,,
4.059000,SEND,1,3819,,
4.060000,SEND,1,3820,,
4.061000,SEND,1,3821,,
4.062000,SEND,1,3822,,
4.063000,SEND,1,3823,,
4.064000,SEND,1,3824,,
4.064688,TX_START,1,734,,
4.064688,TX_START,1,985,,
4.065000,SEND,1,3825,,
4.066000,SEND,1,3826,,
4.066192,RECEIVE,1,730,3294.192000,5.496000
4.067000,SEND,1,3827,,
4.068000,SEND,1,3828,,
4.069000,SEND,1,3829,,
4.070000,SEND,1,3830,,
4.071000,SEND,1,3831,,
4.072000,SEND,1,3832,,
4.073000,SEND,1,3833,,
4.073184,TX_START,1,737,,
4.073184,TX_START,1,987,,
4.074000,SEND,1,3834,,
4.074688,RECEIVE,1,732,3300.688000,6.496000
4.075000,SEND,1,3835,,
4.076000,SEND,1,3836,,
4.077000,SEND,1,3837,,
4.078000,SEND,1,3838,,
4.079000,SEND,1,3839,,
4.080000,SEND,1,3840,,
4.081000,SEND,1,3841,,
4.081680,TX_START,1,739,,
4.081680,TX_START,1,990,,
4.082000,SEND,1,3842,,
4.083000,SEND,1,3843,,
4.083184,RECEIVE,1,734,3307.184000,6.496000
4.084000,SEND,1,3844,,
4.085000,SEND,1,3845,,
4.086000,SEND,1,3846,,
4.087000,SEND,1,3847,,
4.088000,SEND,1,3848,,
4.089000,SEND,1,3849,,
4.090000,SEND,1,3850,,
4.090176,TX_START,1,741,,
4.090176,TX_START,1,993,,
4.091000,SEND,1,3851,,
4.091680,RECEIVE,1,737,3312.680000,5.496000
4.092000,SEND,1,3852,,
4.093000,SEND,1,3853,,
4.098672,TX_START,1,744,,
4.098672,TX_START,1,995,,
4.100000,SEND,1,3854,,
4.100176,RECEIVE,1,739,3319.176000,6.496000
4.101000,SEND,1,3855,,
4.102000,SEND,1,3856,,
4.103000,SEND,1,3857,,
4.104000,SEND,1,3858,,
4.105000,SEND,1,3859,,
4.106000,SEND,1,3860,,
4.107000,SEND,1,3861,,
4.107168,TX_START,1,746,,
4.107168,TX_START,1,998,,
4.108000,SEND,1,3862,,
4.108672,RECEIVE,1,741,3325.672000,6.496000
4.109000,SEND,1,3863,,
4.110000,SEND,1,3864,,
4.111000,SEND,1,3865,,
4.112000,SEND,1,3866,,
4.113000,SEND,1,3867,,
4.114000,SEND,1,3868,,
4.115000,SEND,1,3869,,
4.115664,TX_START,1,749,,
4.115664,TX_START,1,1001,,
4.116000,SEND,1,3870,,
4.117000,SEND,1,3871,,
4.117168,RECEIVE,1,744,3331.168000,5.496000
4.118000,SEND,1,3872,,
4.119000,SEND,1,3873,,
4.120000,SEND,1,3874,,
4.121000,SEND,1,3875,,
4.122000,SEND,1,3876,,
4.123000,SEND,1,3877,,
4.124000,SEND,1,3878,,
4.124160,TX_START,1,751,,
4.124160,TX_START,1,1004,,
4.125000,SEND,1,3879,,
4.125664,RECEIVE,1,746,3337.664000,6.496000
4.126000,SEND,1,3880,,
4.126176,TX_START,1,753,,
4.126176,TX_START,1,1005,,
4.127000,SEND,1,3881,,
4.128000,SEND,1,3882,,
4.129000,SEND,1,3883,,
4.130000,SEND,1,3884,,
4.131000,SEND,1,3885,,
4.132000,SEND,1,3886,,
4.133000,SEND,1,3887,,
4.134000,SEND,1,3888,,
4.134160,RECEIVE,1,749,3343.160000,5.496000
4.134672,TX_START,1,756,,
4.134672,TX_START,1,1008,,
4.135000,SEND,1,3889,,
4.136000,SEND,1,3890,,
4.136176,RECEIVE,1,751,3343.176000,0.016000
4.137000,SEND,1,3891,,
4.138000,SEND,1,3892,,
4.139000,SEND,1,3893,,
4.140000,SEND,1,3894,,
4.141000,SEND,1,3895,,
4.142000,SEND,1,3896,,
4.143000,SEND,1,3897,,
4.143168,TX_START,1,758,,
4.143168,TX_START,1,1010,,
4.144000,SEND,1,3898,,
4.144672,RECEIVE,1,753,3343.672000,0.496000
4.145000,SEND,1,3899,,
4.146000,SEND,1,3900,,
4.147000,SEND,1,3901,,
4.148000,SEND,1,3902,,
4.149000,SEND,1,3903,,
4.150000,SEND,1,3904,,
4.151000,SEND,1,3905,,
4.151664,TX_START,1,760,,
4.151664,TX_START,1,1013,,
4.152000,SEND,1,3906,,
4.153000,SEND,1,3907,,
4.153168,RECEIVE,1,756,3349.168000,5.496000
4.154000,SEND,1,3908,,
4.155000,SEND,1,3909,,
4.156000,SEND,1,3910,,
4.157000,SEND,1,3911,,
4.158000,SEND,1,3912,,
4.159000,SEND,1,3913,,
4.160000,SEND,1,3914,,
4.160160,TX_START,1,763,,
4.160160,TX_START,1,1016,,
4.161000,SEND,1,3915,,
4.161664,RECEIVE,1,758,3355.664000,6.496000
4.162000,SEND,1,3916,,
4.163000,SEND,1,3917,,
4.164000,SEND,1,3918,,
4.165000,SEND,1,3919,,
4.166000,SEND,1,3920,,
4.167000,SEND,1,3921,,
4.168000,SEND,1,3922,,
4.168656,TX_START,1,765,,
4.168656,TX_START,1,1019,,
4.169000,SEND,1,3923,,
4.170000,SEND,1,3924,,
4.170160,RECEIVE,1,760,3362.160000,6.496000
4.171000,SEND,1,3925,,
4.172000,SEND,1,3926,,
4.173000,SEND,1,3927,,
4.174000,SEND,1,3928,,
4.175000,SEND,1,3929,,
4.176000,SEND,1,3930,,
4.177000,SEND,1,3931,,
4.177152,TX_START,1,768,,
4.177152,TX_START,1,1021,,
4.178000,SEND,1,3932,,
4.178656,RECEIVE,1,763,3367.656000,5.496000
4.179000,SEND,1,3933,,
4.180000,SEND,1,3934,,
4.181000,SEND,1,3935,,
4.182000,SEND,1,3936,,
4.183000,SEND,1,3937,,
4.184000,SEND,1,3938,,
4.185000,SEND,1,3939,,
4.185648,TX_START,1,770,,
4.185648,TX_START,1,1024,,
4.186000,SEND,1,3940,,
4.187000,SEND,1,3941,,
4.187152,RECEIVE,1,765,3374.152000,6.496000
4.188000,SEND,1,3942,,
4.189000,SEND,1,3943,,
4.190000,SEND,1,3944,,
4.191000,SEND,1,3945,,
4.192000,SEND,1,3946,,
4.193000,SEND,1,3947,,
4.194144,TX_START,1,772,,
4.194144,TX_START,1,1027,,
4.195648,RECEIVE,1,768,3379.648000,5.496000
4.200000,SEND,1,3948,,
4.201000,SEND,1,3949,,
4.202000,SEND,1,3950,,
4.202640,TX_START,1,775,,
4.202640,TX_START,1,1030,,
4.203000,SEND,1,3951,,
4.204000,SEND,1,3952,,
4.204144,RECEIVE,1,770,3386.144000,6.496000
4.205000,SEND,1,3953,,
4.206000,SEND,1,3954,,
4.207000,SEND,1,3955,,
4.208000,SEND,1,3956,,
4.209000,SEND,1,3957,,
4.210000,SEND,1,3958,,
4.211000,SEND,1,3959,,
4.211136,TX_START,1,777,,
4.211136,TX_START,1,1032,,
4.212000,SEND,1,3960,,
4.212640,RECEIVE,1,772,3392.640000,6.496000
4.213000,SEND,1,3961,,
4.214000,SEND,1,3962,,
4.215000,SEND,1,3963,,
4.216000,SEND,1,3964,,
4.217000,SEND,1,3965,,
4.218000,SEND,1,3966,,
4.219000,SEND,1,3967,,
4.219632,TX_START,1,780,,
4.219632,TX_START,1,1035,,
4.220000,SEND,1,3968,,
4.221000,SEND,1,3969,,
4.221136,RECEIVE,1,775,3398.136000,5.496000
4.222000,SEND,1,3970,,
4.223000,SEND,1,3971,,
4.224000,SEND,1,3972,,
4.225000,SEND,1,3973,,
4.226000,SEND,1,3974,,
4.227000,SEND,1,3975,,
4.228000,SEND,1,3976,,
4.228128,TX_START,1,782,,
4.228128,TX_START,1,1038,,
4.229000,SEND,1,3977,,
4.229632,RECEIVE,1,777,3404.632000,6.496000
4.230000,SEND,1,3978,,
4.231000,SEND,1,3979,,
4.232000,SEND,1,3980,,
4.233000,SEND,1,3981,,
4.234000,SEND,1,3982,,
4.235000,SEND,1,3983,,
4.236000,SEND,1,3984,,
4.236624,TX_START,1,784,,
4.236624,TX_START,1,1041,,
4.237000,SEND,1,3985,,
4.238000,SEND,1,3986,,
4.238128,RECEIVE,1,780,3410.128000,5.496000
4.239000,SEND,1,3987,,
4.240000,SEND,1,3988,,
4.241000,SEND,1,3989,,
4.242000,SEND,1,3990,,
4.243000,SEND,1,3991,,
4.244000,SEND,1,3992,,
4.245000,SEND,1,3993,,
4.245120,TX_START,1,787,,
4.245120,TX_START,1,1044,,
4.246000,SEND,1,3994,,
4.246624,RECEIVE,1,782,3416.624000,6.496000
4.247000,SEND,1,3995,,
4.248000,SEND,1,3996,,
4.249000,SEND,1,3997,,
4.250000,SEND,1,3998,,
4.251000,SEND,1,3999,,
4.252000,SEND,1,4000,,
4.253000,SEND,1,4001,,
4.253616,TX_START,1,788,,
4.253616,TX_START,1,1046,,
4.254000,SEND,1,4002,,
4.255000,SEND,1,4003,,
4.255120,RECEIVE,1,784,3423.120000,6.496000
4.256000,SEND,1,4004,,
4.257000,SEND,1,4005,,
4.258000,SEND,1,4006,,
4.259000,SEND,1,4007,,
4.260000,SEND,1,4008,,
4.261000,SEND,1,4009,,
4.262000,SEND,1,4010,,
4.262112,TX_START,1,791,,
4.262112,TX_START,1,1049,,
4.263000,SEND,1,4011,,
4.263616,RECEIVE,1,787,3428.616000,5.496000
4.264000,SEND,1,4012,,
4.265000,SEND,1,4013,,
4.266000,SEND,1,4014,,
4.267000,SEND,1,4015,,
4.268000,SEND,1,4016,,
4.269000,SEND,1,4017,,
4.270000,SEND,1,4018,,
4.270608,TX_START,1,793,,
4.270608,TX_START,1,1052,,
4.271000,SEND,1,4019,,
4.272000,SEND,1,4020,,
4.272112,RECEIVE,1,788,3436.112000,7.496000
4.273000,SEND,1,4021,,
4.274000,SEND,1,4022,,
4.275000,SEND,1,4023,,
4.276000,SEND,1,4024,,
4.277000,SEND,1,4025,,
4.278000,SEND,1,4026,,
4.279000,SEND,1,4027,,
4.279104,TX_START,1,796,,
4.279104,TX_START,1,1055,,
4.280000,SEND,1,4028,,
4.280608,RECEIVE,1,791,3441.608000,5.496000
4.281000,SEND,1,4029,,
4.282000,SEND,1,4030,,
4.283000,SEND,1,4031,,
4.284000,SEND,1,4032,,
4.285000,SEND,1,4033,,
4.286000,SEND,1,4034,,
4.287000,SEND,1,4035,,
4.287600,TX_START,1,798,,
4.287600,TX_START,1,1057,,
4.288000,SEND,1,4036,,
4.289000,SEND,1,4037,,
4.289104,RECEIVE,1,793,3448.104000,6.496000
4.290000,SEND,1,4038,,
4.291000,SEND,1,4039,,
4.292000,SEND,1,4040,,
4.293000,SEND,1,4041,,
4.296096,TX_START,1,800,,
4.296096,TX_START,1,1060,,
4.297600,RECEIVE,1,796,3453.600000,5.496000
4.300000,SEND,1,4042,,
4.301000,SEND,1,4043,,
4.302000,SEND,1,4044,,
4.303000,SEND,1,4045,,
4.304000,SEND,1,4046,,
4.304592,TX_START,1,803,,
4.304592,TX_START,1,1063,,
4.305000,SEND,1,4047,,
4.306000,SEND,1,4048,,
4.306096,RECEIVE,1,798,3460.096000,6.496000
4.307000,SEND,1,4049,,
4.308000,SEND,1,4050,,
4.309000,SEND,1,4051,,
4.310000,SEND,1,4052,,
4.311000,SEND,1,4053,,
4.312000,SEND,1,4054,,
4.313000,SEND,1,4055,,
4.313088,TX_START,1,805,,
4.313088,TX_START,1,1066,,
4.314000,SEND,1,4056,,
4.314592,RECEIVE,1,800,3466.592000,6.496000
4.315000,SEND,1,4057,,
4.316000,SEND,1,4058,,
4.317000,SEND,1,4059,,
4.318000,SEND,1,4060,,
4.319000,SEND,1,4061,,
4.320000,SEND,1,4062,,
4.321000,SEND,1,4063,,
4.321584,TX_START,1,808,,
4.321584,TX_START,1,1069,,
4.322000,SEND,1,4064,,
4.323000,SEND,1,4065,,
4.323088,RECEIVE,1,803,3472.088000,5.496000
4.324000,SEND,1,4066,,
4.325000,SEND,1,4067,,
4.326000,SEND,1,4068,,
4.327000,SEND,1,4069,,
4.328000,SEND,1,4070,,
4.329000,SEND,1,4071,,
4.330000,SEND,1,4072,,
4.330080,TX_START,1,810,,
4.330080,TX_START,1,1071,,
4.331000,SEND,1,4073,,
4.331584,RECEIVE,1,805,3478.584000,6.496000
4.332000,SEND,1,4074,,
4.333000,SEND,1,4075,,
4.334000,SEND,1,4076,,
4.335000,SEND,1,4077,,
4.336000,SEND,1,4078,,
4.337000,SEND,1,4079,,
4.338000,SEND,1,4080,,
4.338576,TX_START,1,813,,
4.338576,TX_START,1,1074,,
4.339000,SEND,1,4081,,
4.340000,SEND,1,4082,,
4.340080,RECEIVE,1,808,3484.080000,5.496000
4.341000,SEND,1,4083,,
4.342000,SEND,1,4084,,
4.343000,SEND,1,4085,,
4.344000,SEND,1,4086,,
4.345000,SEND,1,4087,,
4.346000,SEND,1,4088,,
4.347000,SEND,1,4089,,
4.347072,TX_START,1,815,,
4.347072,TX_START,1,1077,,
4.348000,SEND,1,4090,,
4.348576,RECEIVE,1,810,3490.576000,6.496000
4.349000,SEND,1,4091,,
4.350000,SEND,1,4092,,
4.351000,SEND,1,4093,,
4.352000,SEND,1,4094,,
4.353000,SEND,1,4095,,
4.354000,SEND,1,4096,,
4.355000,SEND,1,4097,,
4.355568,TX_START,1,818,,
4.355568,TX_START,1,1080,,
4.356000,SEND,1,4098,,
4.357000,SEND,1,4099,,
4.357072,RECEIVE,1,813,3496.072000,5.496000
4.358000,SEND,1,4100,,
4.359000,SEND,1,4101,,
4.360000,SEND,1,4102,,
4.361000,SEND,1,4103,,
4.362000,SEND,1,4104,,
4.363000,SEND,1,4105,,
4.364000,SEND,1,4106,,
4.364064,TX_START,1,820,,
4.364064,TX_START,1,1083,,
4.365000,SEND,1,4107,,
4.365568,RECEIVE,1,815,3502.568000,6.496000
4.366000,SEND,1,4108,,
4.367000,SEND,1,4109,,
4.368000,SEND,1,4110,,
4.369000,SEND,1,4111,,
4.370000,SEND,1,4112,,
4.371000,SEND,1,4113,,
4.372000,SEND,1,4114,,
4.372560,TX_START,1,823,,
4.372560,TX_START,1,1086,,
4.373000,SEND,1,4115,,
4.374000,SEND,1,4116,,
4.374064,RECEIVE,1,818,3508.064000,5.496000
4.375000,SEND,1,4117,,
4.376000,SEND,1,4118,,
4.377000,SEND,1,4119,,
4.378000,SEND,1,4120,,
4.379000,SEND,1,4121,,
4.380000,SEND,1,4122,,
4.381000,SEND,1,4123,,
4.381056,TX_START,1,825,,
4.381056,TX_START,1,1088,,
4.382000,SEND,1,4124,,
4.382560,RECEIVE,1,820,3514.560000,6.496000
4.383000,SEND,1,4125,,
4.384000,SEND,1,4126,,
4.385000,SEND,1,4127,,
4.386000,SEND,1,4128,,
4.387000,SEND,1,4129,,
4.388000,SEND,1,4130,,
4.389000,SEND,1,4131,,
4.389552,TX_START,1,828,,
4.389552,TX_START,1,1091,,
4.390000,SEND,1,4132,,
4.391000,SEND,1,4133,,
4.391056,RECEIVE,1,823,3520.056000,5.496000
4.392000,SEND,1,4134,,
4.393000,SEND,1,4135,,
4.398048,TX_START,1,830,,
4.398048,TX_START,1,1094,,
4.399552,RECEIVE,1,825,3526.552000,6.496000
4.400000,SEND,1,4136,,
4.401000,SEND,1,4137,,
4.402000,SEND,1,4138,,
4.403000,SEND,1,4139,,
4.404000,SEND,1,4140,,
4.405000,SEND,1,4141,,
4.406000,SEND,1,4142,,
4.406544,TX_START,1,832,,
4.406544,TX_START,1,1097,,
4.407000,SEND,1,4143,,
4.408000,SEND,1,4144,,
4.408048,RECEIVE,1,828,3532.048000,5.496000
4.409000,SEND,1,4145,,
4.410000,SEND,1,4146,,
4.411000,SEND,1,4147,,
4.412000,SEND,1,4148,,
4.413000,SEND,1,4149,,
4.414000,SEND,1,4150,,
4.415000,SEND,1,4151,,
4.415040,TX_START,1,835,,
4.415040,TX_START,1,1100,,
4.416000,SEND,1,4152,,
4.416544,RECEIVE,1,830,3538.544000,6.496000
4.417000,SEND,1,4153,,
4.418000,SEND,1,4154,,
4.419000,SEND,1,4155,,
4.420000,SEND,1,4156,,
4.421000,SEND,1,4157,,
4.422000,SEND,1,4158,,
4.423000,SEND,1,4159,,
4.423536,TX_START,1,837,,
4.423536,TX_START,1,1103,,
4.424000,SEND,1,4160,,
4.425000,SEND,1,4161,,
4.425040,RECEIVE,1,832,3545.040000,6.496000
4.426000,SEND,1,4162,,
4.427000,SEND,1,4163,,
4.428000,SEND,1,4164,,
4.429000,SEND,1,4165,,
4.430000,SEND,1,4166,,
4.431000,SEND,1,4167,,
4.432000,SEND,1,4168,,
4.432032,TX_START,1,840,,
4.432032,TX_START,1,1106,,
4.433000,SEND,1,4169,,
4.433536,RECEIVE,1,835,3550.536000,5.496000
4.434000,SEND,1,4170,,
4.435000,SEND,1,4171,,
4.436000,SEND,1,4172,,
4.437000,SEND,1,4173,,
4.438000,SEND,1,4174,,
4.439000,SEND,1,4175,,
4.440000,SEND,1,4176,,
4.440528,TX_START,1,842,,
4.440528,TX_START,1,1108,,
4.441000,SEND,1,4177,,
4.442000,SEND,1,4178,,
4.442032,RECEIVE,1,837,3557.032000,6.496000
4.443000,SEND,1,4179,,
4.444000,SEND,1,4180,,
4.445000,SEND,1,4181,,
4.446000,SEND,1,4182,,
4.447000,SEND,1,4183,,
4.448000,SEND,1,4184,,
4.449000,SEND,1,4185,,
4.449024,TX_START,1,845,,
4.449024,TX_START,1,1111,,
4.450000,SEND,1,4186,,
4.450528,RECEIVE,1,840,3562.528000,5.496000
4.451000,SEND,1,4187,,
4.451040,TX_START,1,848,,
4.451040,TX_START,1,1113,,
4.452000,SEND,1,4188,,
4.453000,SEND,1,4189,,
4.454000,SEND,1,4190,,
4.455000,SEND,1,4191,,
4.456000,SEND,1,4192,,
4.457000,SEND,1,4193,,
4.458000,SEND,1,4194,,
4.459000,SEND,1,4195,,
4.459024,RECEIVE,1,842,3569.024000,6.496000
4.459536,TX_START,1,850,,
4.459536,TX_START,1,1116,,
4.460000,SEND,1,4196,,
4.461000,SEND,1,4197,,
4.461040,RECEIVE,1,845,3568.040000,0.984000
4.462000,SEND,1,4198,,
4.463000,SEND,1,4199,,
4.464000,SEND,1,4200,,
4.465000,SEND,1,4201,,
4.466000,SEND,1,4202,,
4.467000,SEND,1,4203,,
4.468000,SEND,1,4204,,
4.468032,TX_START,1,853,,
4.468032,TX_START,1,1118,,
4.469000,SEND,1,4205,,
4.469536,RECEIVE,1,848,3567.536000,0.504000
4.470000,SEND,1,4206,,
4.471000,SEND,1,4207,,
4.472000,SEND,1,4208,,
4.473000,SEND,1,4209,,
4.474000,SEND,1,4210,,
4.475000,SEND,1,4211,,
4.476000,SEND,1,4212,,
4.476528,TX_START,1,855,,
4.476528,TX_START,1,1121,,
4.477000,SEND,1,4213,,
4.478000,SEND,1,4214,,
4.478032,RECEIVE,1,850,3574.032000,6.496000
4.479000,SEND,1,4215,,
4.480000,SEND,1,4216,,
4.481000,SEND,1,4217,,
4.482000,SEND,1,4218,,
4.483000,SEND,1,4219,,
4.484000,SEND,1,4220,,
4.485000,SEND,1,4221,,
4.485024,TX_START,1,858,,
4.485024,TX_START,1,1124,,
4.486000,SEND,1,4222,,
4.486528,RECEIVE,1,853,3579.528000,5.496000
4.487000,SEND,1,4223,,
4.488000,SEND,1,4224,,
4.489000,SEND,1,4225,,
4.490000,SEND,1,4226,,
4.491000,SEND,1,4227,,
4.492000,SEND,1,4228,,
4.493000,SEND,1,4229,,
4.493520,TX_START,1,860,,
4.493520,TX_START,1,1127,,
4.495024,RECEIVE,1,855,3586.024000,6.496000
4.500000,SEND,1,4230,,
4.501000,SEND,1,4231,,
4.502000,SEND,1,4232,,
4.502016,TX_START,1,863,,
4.502016,TX_START,1,1130,,
4.503000,SEND,1,4233,,
4.503520,RECEIVE,1,858,3591.520000,5.496000
4.504000,SEND,1,4234,,
4.505000,SEND,1,4235,,
4.506000,SEND,1,4236,,
4.507000,SEND,1,4237,,
4.508000,SEND,1,4238,,
4.509000,SEND,1,4239,,
4.510000,SEND,1,4240,,
4.510512,TX_START,1,865,,
4.510512,TX_START,1,1133,,
4.511000,SEND,1,4241,,
4.512000,SEND,1,4242,,
4.512016,RECEIVE,1,860,3598.016000,6.496000
4.513000,SEND,1,4243,,
4.514000,SEND,1,4244,,
4.515000,SEND,1,4245,,
4.516000,SEND,1,4246,,
4.517000,SEND,1,4247,,
4.518000,SEND,1,4248,,
4.519000,SEND,1,4249,,
4.519008,TX_START,1,868,,
4.519008,TX_START,1,1136,,
4.520000,SEND,1,4250,,
4.520512,RECEIVE,1,863,3603.512000,5.496000
4.521000,SEND,1,4251,,
4.522000,SEND,1,4252,,
4.523000,SEND,1,4253,,
4.524000,SEND,1,4254,,
4.525000,SEND,1,4255,,
4.526000,SEND,1,4256,,
4.527000,SEND,1,4257,,
4.527504,TX_START,1,870,,
4.527504,TX_START,1,1139,,
4.528000,SEND,1,4258,,
4.529000,SEND,1,4259,,
4.529008,RECEIVE,1,865,3610.008000,6.496000
4.530000,SEND,1,4260,,
4.531000,SEND,1,4261,,
4.532000,SEND,1,4262,,
4.533000,SEND,1,4263,,
4.534000,SEND,1,4264,,
4.535000,SEND,1,4265,,
4.536000,TX_START,1,873,,
4.536000,SEND,1,4266,,
4.536000,TX_START,1,1142,,
4.537000,SEND,1,4267,,
4.537504,RECEIVE,1,868,3615.504000,5.496000
4.538000,SEND,1,4268,,
4.539000,SEND,1,4269,,
4.540000,SEND,1,4270,,
4.541000,SEND,1,4271,,
4.542000,SEND,1,4272,,
4.543000,SEND,1,4273,,
4.544000,SEND,1,4274,,
4.544496,TX_START,1,875,,
4.544496,TX_START,1,1144,,
4.545000,SEND,1,4275,,
4.546000,RECEIVE,1,870,3622.000000,6.496000
4.546000,SEND,1,4276,,
4.547000,SEND,1,4277,,
4.548000,SEND,1,4278,,
4.549000,SEND,1,4279,,
4.550000,SEND,1,4280,,
4.551000,SEND,1,4281,,
4.552000,SEND,1,4282,,
4.552992,TX_START,1,878,,
4.552992,TX_START,1,1147,,
4.553000,SEND,1,4283,,
4.554000,SEND,1,4284,,
4.554496,RECEIVE,1,873,3627.496000,5.496000
4.555000,SEND,1,4285,,
4.556000,SEND,1,4286,,
4.557000,SEND,1,4287,,
4.558000,SEND,1,4288,,
4.559000,SEND,1,4289,,
4.560000,SEND,1,4290,,
4.561000,SEND,1,4291,,
4.561488,TX_START,1,881,,
4.561488,TX_START,1,1150,,
4.562000,SEND,1,4292,,
4.562992,RECEIVE,1,875,3633.992000,6.496000
4.563000,SEND,1,4293,,
4.564000,SEND,1,4294,,
4.565000,SEND,1,4295,,
4.566000,SEND,1,4296,,
4.567000,SEND,1,4297,,
4.568000,SEND,1,4298,,
4.569000,SEND,1,4299,,
4.569984,TX_START,1,883,,
4.569984,TX_START,1,1153,,
4.570000,SEND,1,4300,,
4.571000,SEND,1,4301,,
4.571488,RECEIVE,1,878,3639.488000,5.496000
4.572000,SEND,1,4302,,
4.573000,SEND,1,4303,,
4.574000,SEND,1,4304,,
4.575000,SEND,1,4305,,
4.576000,SEND,1,4306,,
4.577000,SEND,1,4307,,
4.578000,SEND,1,4308,,
4.578480,TX_START,1,886,,
4.578480,TX_START,1,1156,,
4.579000,SEND,1,4309,,
4.579984,RECEIVE,1,881,3644.984000,5.496000
4.580000,SEND,1,4310,,
4.581000,SEND,1,4311,,
4.582000,SEND,1,4312,,
4.583000,SEND,1,4313,,
4.584000,SEND,1,4314,,
4.585000,SEND,1,4315,,
4.586000,SEND,1,4316,,
4.586976,TX_START,1,888,,
4.586976,TX_START,1,1159,,
4.587000,SEND,1,4317,,
4.588000,SEND,1,4318,,
4.588480,RECEIVE,1,883,3651.480000,6.496000
4.589000,SEND,1,4319,,
4.590000,SEND,1,4320,,
4.591000,SEND,1,4321,,
4.592000,SEND,1,4322,,
4.593000,SEND,1,4323,,
4.595472,TX_START,1,891,,
4.595472,TX_START,1,1162,,
4.596976,RECEIVE,1,886,3656.976000,5.496000
4.600000,SEND,1,4324,,
4.601000,SEND,1,4325,,
4.602000,SEND,1,4326,,
4.603000,SEND,1,4327,,
4.603968,TX_START,1,893,,
4.603968,TX_START,1,1165,,
4.604000,SEND,1,4328,,
4.605000,SEND,1,4329,,
4.605472,RECEIVE,1,888,3663.472000,6.496000
4.606000,SEND,1,4330,,
4.607000,SEND,1,4331,,
4.608000,SEND,1,4332,,
4.609000,SEND,1,4333,,
4.610000,SEND,1,4334,,
4.611000,SEND,1,4335,,
4.612000,SEND,1,4336,,
4.612464,TX_START,1,896,,
4.612464,TX_START,1,1168,,
4.613000,SEND,1,4337,,
4.613968,RECEIVE,1,891,3668.968000,5.496000
4.614000,SEND,1,4338,,
4.615000,SEND,1,4339,,
4.616000,SEND,1,4340,,
4.617000,SEND,1,4341,,
4.618000,SEND,1,4342,,
4.619000,SEND,1,4343,,
4.620000,SEND,1,4344,,
4.620960,TX_START,1,897,,
4.620960,TX_START,1,1171,,
4.621000,SEND,1,4345,,
4.622000,SEND,1,4346,,
4.622464,RECEIVE,1,893,3675.464000,6.496000
4.623000,SEND,1,4347,,
4.624000,SEND,1,4348,,
4.625000,SEND,1,4349,,
4.626000,SEND,1,4350,,
4.627000,SEND,1,4351,,
4.628000,SEND,1,4352,,
4.629000,SEND,1,4353,,
4.629456,TX_START,1,900,,
4.629456,TX_START,1,1174,,
4.630000,SEND,1,4354,,
4.630960,RECEIVE,1,896,3680.960000,5.496000
4.631000,SEND,1,4355,,
4.632000,SEND,1,4356,,
4.633000,SEND,1,4357,,
4.634000,SEND,1,4358,,
4.635000,SEND,1,4359,,
4.636000,SEND,1,4360,,
4.637000,SEND,1,4361,,
4.637952,TX_START,1,902,,
4.637952,TX_START,1,1177,,
4.638000,SEND,1,4362,,
4.639000,SEND,1,4363,,
4.639456,RECEIVE,1,897,3688.456000,7.496000
4.640000,SEND,1,4364,,
4.641000,SEND,1,4365,,
4.642000,SEND,1,4366,,
4.643000,SEND,1,4367,,
4.644000,SEND,1,4368,,
4.645000,SEND,1,4369,,
4.646000,SEND,1,4370,,
4.646448,TX_START,1,905,,
4.646448,TX_START,1,1180,,
4.647000,SEND,1,4371,,
4.647952,RECEIVE,1,900,3693.952000,5.496000
4.648000,SEND,1,4372,,
4.649000,SEND,1,4373,,
4.650000,SEND,1,4374,,
4.651000,SEND,1,4375,,
4.652000,SEND,1,4376,,
4.653000,SEND,1,4377,,
4.654000,SEND,1,4378,,
4.654944,TX_START,1,908,,
4.654944,TX_START,1,1183,,
4.655000,SEND,1,4379,,
4.656000,SEND,1,4380,,
4.656448,RECEIVE,1,902,3700.448000,6.496000
4.657000,SEND,1,4381,,
4.658000,SEND,1,4382,,
4.659000,SEND,1,4383,,
4.660000,SEND,1,4384,,
4.661000,SEND,1,4385,,
4.662000,SEND,1,4386,,
4.663000,SEND,1,4387,,
4.663440,TX_START,1,910,,
4.663440,TX_START,1,1186,,
4.664000,SEND,1,4388,,
4.664944,RECEIVE,1,905,3705.944000,5.496000
4.665000,SEND,1,4389,,
4.666000,SEND,1,4390,,
4.667000,SEND,1,4391,,
4.668000,SEND,1,4392,,
4.669000,SEND,1,4393,,
4.670000,SEND,1,4394,,
4.671000,SEND,1,4395,,
4.671936,TX_START,1,913,,
4.671936,TX_START,1,1188,,
4.672000,SEND,1,4396,,
4.673000,SEND,1,4397,,
4.673440,RECEIVE,1,908,3711.440000,5.496000
4.674000,SEND,1,4398,,
4.675000,SEND,1,4399,,
4.676000,SEND,1,4400,,
4.677000,SEND,1,4401,,
4.678000,SEND,1,4402,,
4.679000,SEND,1,4403,,
4.680000,SEND,1,4404,,
4.680432,TX_START,1,915,,
4.680432,TX_START,1,1191,,
4.681000,SEND,1,4405,,
4.681936,RECEIVE,1,910,3717.936000,6.496000
4.682000,SEND,1,4406,,
4.683000,SEND,1,4407,,
4.684000,SEND,1,4408,,
4.685000,SEND,1,4409,,
4.686000,SEND,1,4410,,
4.687000,SEND,1,4411,,
4.688000,SEND,1,4412,,
4.688928,TX_START,1,918,,
4.688928,TX_START,1,1194,,
4.689000,SEND,1,4413,,
4.690000,SEND,1,4414,,
4.690432,RECEIVE,1,913,3723.432000,5.496000
4.691000,SEND,1,4415,,
4.692000,SEND,1,4416,,
4.693000,SEND,1,4417,,
4.697424,TX_START,1,921,,
4.697424,TX_START,1,1197,,
4.698928,RECEIVE,1,915,3729.928000,6.496000
4.700000,SEND,1,4418,,
4.701000,SEND,1,4419,,
4.702000,SEND,1,4420,,
4.703000,SEND,1,4421,,
4.704000,SEND,1,4422,,
4.705000,SEND,1,4423,,
4.705920,TX_START,1,923,,
4.705920,TX_START,1,1200,,
4.706000,SEND,1,4424,,
4.707000,SEND,1,4425,,
4.707424,RECEIVE,1,918,3735.424000,5.496000
4.708000,SEND,1,4426,,
4.709000,SEND,1,4427,,
4.710000,SEND,1,4428,,
4.711000,SEND,1,4429,,
4.712000,SEND,1,4430,,
4.713000,SEND,1,4431,,
4.714000,SEND,1,4432,,
4.714416,TX_START,1,926,,
4.714416,TX_START,1,1203,,
4.715000,SEND,1,4433,,
4.715920,RECEIVE,1,921,3740.920000,5.496000
4.716000,SEND,1,4434,,
4.717000,SEND,1,4435,,
4.718000,SEND,1,4436,,
4.719000,SEND,1,4437,,
4.720000,SEND,1,4438,,
4.721000,SEND,1,4439,,
4.722000,SEND,1,4440,,
4.722912,TX_START,1,929,,
4.722912,TX_START,1,1206,,
4.723000,SEND,1,4441,,
4.724000,SEND,1,4442,,
4.724416,RECEIVE,1,923,3747.416000,6.496000
4.725000,SEND,1,4443,,
4.726000,SEND,1,4444,,
4.727000,SEND,1,4445,,
4.728000,SEND,1,4446,,
4.729000,SEND,1,4447,,
4.730000,SEND,1,4448,,
4.731000,SEND,1,4449,,
4.731408,TX_START,1,931,,
4.731408,TX_START,1,1209,,
4.732000,SEND,1,4450,,
4.732912,RECEIVE,1,926,3752.912000,5.496000
4.733000,SEND,1,4451,,
4.734000,SEND,1,4452,,
4.735000,SEND,1,4453,,
4.736000,SEND,1,4454,,
4.737000,SEND,1,4455,,
4.738000,SEND,1,4456,,
4.739000,SEND,1,4457,,
4.739904,TX_START,1,934,,
4.739904,TX_START,1,1212,,
4.740000,SEND,1,4458,,
4.741000,SEND,1,4459,,
4.741408,RECEIVE,1,929,3758.408000,5.496000
4.742000,SEND,1,4460,,
4.743000,SEND,1,4461,,
4.744000,SEND,1,4462,,
4.745000,SEND,1,4463,,
4.746000,SEND,1,4464,,
4.747000,SEND,1,4465,,
4.748000,SEND,1,4466,,
4.748400,TX_START,1,936,,
4.748400,TX_START,1,1215,,
4.749000,SEND,1,4467,,
4.749904,RECEIVE,1,931,3764.904000,6.496000
4.750000,SEND,1,4468,,
4.751000,SEND,1,4469,,
4.752000,SEND,1,4470,,
4.753000,SEND,1,4471,,
4.754000,SEND,1,4472,,
4.755000,SEND,1,4473,,
4.756000,SEND,1,4474,,
4.756896,TX_START,1,939,,
4.756896,TX_START,1,1218,,
4.757000,SEND,1,4475,,
4.758000,SEND,1,4476,,
4.758400,RECEIVE,1,934,3770.400000,5.496000
4.758912,TX_START,1,942,,
4.758912,TX_START,1,1220,,
4.759000,SEND,1,4477,,
4.760000,SEND,1,4478,,
4.761000,SEND,1,4479,,
4.762000,SEND,1,4480,,
4.763000,SEND,1,4481,,
4.764000,SEND,1,4482,,
4.765000,SEND,1,4483,,
4.766000,SEND,1,4484,,
4.766896,RECEIVE,1,936,3776.896000,6.496000
4.767000,SEND,1,4485,,
4.767408,TX_START,1,944,,
4.767408,TX_START,1,1223,,
4.768000,SEND,1,4486,,
4.768912,RECEIVE,1,939,3775.912000,0.984000
4.769000,SEND,1,4487,,
4.770000,SEND,1,4488,,
4.771000,SEND,1,4489,,
4.772000,SEND,1,4490,,
4.773000,SEND,1,4491,,
4.774000,SEND,1,4492,,
4.775000,SEND,1,4493,,
4.775904,TX_START,1,947,,
4.775904,TX_START,1,1226,,
4.776000,SEND,1,4494,,
4.777000,SEND,1,4495,,
4.777408,RECEIVE,1,942,3775.408000,0.504000
4.778000,SEND,1,4496,,
4.779000,SEND,1,4497,,
4.780000,SEND,1,4498,,
4.781000,SEND,1,4499,,
4.782000,SEND,1,4500,,
4.783000,SEND,1,4501,,
4.784000,SEND,1,4502,,
4.784400,TX_START,1,950,,
4.784400,TX_START,1,1229,,
4.785000,SEND,1,4503,,
4.785904,RECEIVE,1,944,3781.904000,6.496000
4.786000,SEND,1,4504,,
4.787000,SEND,1,4505,,
4.788000,SEND,1,4506,,
4.789000,SEND,1,4507,,
4.790000,SEND,1,4508,,
4.791000,SEND,1,4509,,
4.792000,SEND,1,4510,,
4.792896,TX_START,1,952,,
4.792896,TX_START,1,1232,,
4.793000,SEND,1,4511,,
4.794400,RECEIVE,1,947,3787.400000,5.496000
4.800000,SEND,1,4512,,
4.801000,SEND,1,4513,,
4.801392,TX_START,1,955,,
4.801392,TX_START,1,1235,,
4.802000,SEND,1,4514,,
4.802896,RECEIVE,1,950,3792.896000,5.496000
4.803000,SEND,1,4515,,
4.804000,SEND,1,4516,,
4.805000,SEND,1,4517,,
4.806000,SEND,1,4518,,
4.807000,SEND,1,4519,,
4.808000,SEND,1,4520,,
4.809000,SEND,1,4521,,
4.809888,TX_START,1,958,,
4.809888,TX_START,1,1238,,
4.810000,SEND,1,4522,,
4.811000,SEND,1,4523,,
4.811392,RECEIVE,1,952,3799.392000,6.496000
4.812000,SEND,1,4524,,
4.813000,SEND,1,4525,,
4.814000,SEND,1,4526,,
4.815000,SEND,1,4527,,
4.816000,SEND,1,4528,,
4.817000,SEND,1,4529,,
4.818000,SEND,1,4530,,
4.818384,TX_START,1,960,,
4.818384,TX_START,1,1241,,
4.819000,SEND,1,4531,,
4.819888,RECEIVE,1,955,3804.888000,5.496000
4.820000,SEND,1,4532,,
4.821000,SEND,1,4533,,
4.822000,SEND,1,4534,,
4.823000,SEND,1,4535,,
4.824000,SEND,1,4536,,
4.825000,SEND,1,4537,,
4.826000,SEND,1,4538,,
4.826880,TX_START,1,963,,
4.826880,TX_START,1,1244,,
4.827000,SEND,1,4539,,
4.828000,SEND,1,4540,,
4.828384,RECEIVE,1,958,3810.384000,5.496000
4.829000,SEND,1,4541,,
4.830000,SEND,1,4542,,
4.831000,SEND,1,4543,,
4.832000,SEND,1,4544,,
4.833000,SEND,1,4545,,
4.834000,SEND,1,4546,,
4.835000,SEND,1,4547,,
4.835376,TX_START,1,966,,
4.835376,TX_START,1,1247,,
4.836000,SEND,1,4548,,
4.836880,RECEIVE,1,960,3816.880000,6.496000
4.837000,SEND,1,4549,,
4.838000,SEND,1,4550,,
4.839000,SEND,1,4551,,
4.840000,SEND,1,4552,,
4.841000,SEND,1,4553,,
4.842000,SEND,1,4554,,
4.843000,SEND,1,4555,,
4.843872,TX_START,1,968,,
4.843872,TX_START,1,1250,,
4.844000,SEND,1,4556,,
4.845000,SEND,1,4557,,
4.845376,RECEIVE,1,963,3822.376000,5.496000
4.846000,SEND,1,4558,,
4.847000,SEND,1,4559,,
4.848000,SEND,1,4560,,
4.849000,SEND,1,4561,,
4.850000,SEND,1,4562,,
4.851000,SEND,1,4563,,
4.852000,SEND,1,4564,,
4.852368,TX_START,1,971,,
4.852368,TX_START,1,1253,,
4.853000,SEND,1,4565,,
4.853872,RECEIVE,1,966,3827.872000,5.496000
4.854000,SEND,1,4566,,
4.855000,SEND,1,4567,,
4.856000,SEND,1,4568,,
4.857000,SEND,1,4569,,
4.858000,SEND,1,4570,,
4.859000,SEND,1,4571,,
4.860000,SEND,1,4572,,
4.860864,TX_START,1,974,,
4.860864,TX_START,1,1256,,
4.861000,SEND,1,4573,,
4.862000,SEND,1,4574,,
4.862368,RECEIVE,1,968,3834.368000,6.496000
4.863000,SEND,1,4575,,
4.864000,SEND,1,4576,,
4.865000,SEND,1,4577,,
4.866000,SEND,1,4578,,
4.867000,SEND,1,4579,,
4.868000,SEND,1,4580,,
4.869000,SEND,1,4581,,
4.869360,TX_START,1,976,,
4.869360,TX_START,1,1259,,
4.870000,SEND,1,4582,,
4.870864,RECEIVE,1,971,3839.864000,5.496000
4.871000,SEND,1,4583,,
4.872000,SEND,1,4584,,
4.873000,SEND,1,4585,,
4.874000,SEND,1,4586,,
4.875000,SEND,1,4587,,
4.876000,SEND,1,4588,,
4.877000,SEND,1,4589,,
4.877856,TX_START,1,979,,
4.877856,TX_START,1,1262,,
4.878000,SEND,1,4590,,
4.879000,SEND,1,4591,,
4.879360,RECEIVE,1,974,3845.360000,5.496000
4.880000,SEND,1,4592,,
4.881000,SEND,1,4593,,
4.882000,SEND,1,4594,,
4.883000,SEND,1,4595,,
4.884000,SEND,1,4596,,
4.885000,SEND,1,4597,,
4.886000,SEND,1,4598,,
4.886352,TX_START,1,982,,
4.886352,TX_START,1,1265,,
4.887000,SEND,1,4599,,
4.887856,RECEIVE,1,976,3851.856000,6.496000
4.888000,SEND,1,4600,,
4.889000,SEND,1,4601,,
4.890000,SEND,1,4602,,
4.891000,SEND,1,4603,,
4.892000,SEND,1,4604,,
4.893000,SEND,1,4605,,
4.894848,TX_START,1,985,,
4.894848,TX_START,1,1268,,
4.896352,RECEIVE,1,979,3857.352000,5.496000
4.900000,SEND,1,4606,,
4.901000,SEND,1,4607,,
4.902000,SEND,1,4608,,
4.903000,SEND,1,4609,,
4.903344,TX_START,1,987,,
4.903344,TX_START,1,1271,,
4.904000,SEND,1,4610,,
4.904848,RECEIVE,1,982,3862.848000,5.496000
4.905000,SEND,1,4611,,
4.906000,SEND,1,4612,,
4.907000,SEND,1,4613,,
4.908000,SEND,1,4614,,
4.909000,SEND,1,4615,,
4.910000,SEND,1,4616,,
4.911000,SEND,1,4617,,
4.911840,TX_START,1,990,,
4.911840,TX_START,1,1274,,
4.912000,SEND,1,4618,,
4.913000,SEND,1,4619,,
4.913344,RECEIVE,1,985,3868.344000,5.496000
4.914000,SEND,1,4620,,
4.915000,SEND,1,4621,,
4.916000,SEND,1,4622,,
4.917000,SEND,1,4623,,
4.918000,SEND,1,4624,,
4.919000,SEND,1,4625,,
4.920000,SEND,1,4626,,
4.920336,TX_START,1,993,,
4.920336,TX_START,1,1277,,
4.921000,SEND,1,4627,,
4.921840,RECEIVE,1,987,3874.840000,6.496000
4.922000,SEND,1,4628,,
4.923000,SEND,1,4629,,
4.924000,SEND,1,4630,,
4.925000,SEND,1,4631,,
4.926000,SEND,1,4632,,
4.927000,SEND,1,4633,,
4.928000,SEND,1,4634,,
4.928832,TX_START,1,995,,
4.928832,TX_START,1,1280,,
4.929000,SEND,1,4635,,
4.930000,SEND,1,4636,,
4.930336,RECEIVE,1,990,3880.336000,5.496000
4.931000,SEND,1,4637,,
4.932000,SEND,1,4638,,
4.933000,SEND,1,4639,,
4.934000,SEND,1,4640,,
4.935000,SEND,1,4641,,
4.936000,SEND,1,4642,,
4.937000,SEND,1,4643,,
4.937328,TX_START,1,998,,
4.937328,TX_START,1,1284,,
4.938000,SEND,1,4644,,
4.938832,RECEIVE,1,993,3885.832000,5.496000
4.939000,SEND,1,4645,,
4.940000,SEND,1,4646,,
4.941000,SEND,1,4647,,
4.942000,SEND,1,4648,,
4.943000,SEND,1,4649,,
4.944000,SEND,1,4650,,
4.945000,SEND,1,4651,,
4.945824,TX_START,1,1001,,
4.945824,TX_START,1,1287,,
4.946000,SEND,1,4652,,
4.947000,SEND,1,4653,,
4.947328,RECEIVE,1,995,3892.328000,6.496000
4.948000,SEND,1,4654,,
4.949000,SEND,1,4655,,
4.950000,SEND,1,4656,,
4.951000,SEND,1,4657,,
4.952000,SEND,1,4658,,
4.953000,SEND,1,4659,,
4.954000,SEND,1,4660,,
4.954320,TX_START,1,1004,,
4.954320,TX_START,1,1290,,
4.955000,SEND,1,4661,,
4.955824,RECEIVE,1,998,3897.824000,5.496000
4.956000,SEND,1,4662,,
4.957000,SEND,1,4663,,
4.958000,SEND,1,4664,,
4.959000,SEND,1,4665,,
4.960000,SEND,1,4666,,
4.961000,SEND,1,4667,,
4.962000,SEND,1,4668,,
4.962816,TX_START,1,1005,,
4.962816,TX_START,1,1293,,
4.963000,SEND,1,4669,,
4.964000,SEND,1,4670,,
4.964320,RECEIVE,1,1001,3903.320000,5.496000
4.965000,SEND,1,4671,,
4.966000,SEND,1,4672,,
4.967000,SEND,1,4673,,
4.968000,SEND,1,4674,,
4.969000,SEND,1,4675,,
4.970000,SEND,1,4676,,
4.971000,SEND,1,4677,,
4.971312,TX_START,1,1008,,
4.971312,TX_START,1,1296,,
4.972000,SEND,1,4678,,
4.972816,RECEIVE,1,1004,3908.816000,5.496000
4.973000,SEND,1,4679,,
4.974000,SEND,1,4680,,
4.975000,SEND,1,4681,,
4.976000,SEND,1,4682,,
4.977000,SEND,1,4683,,
4.978000,SEND,1,4684,,
4.979000,SEND,1,4685,,
4.979808,TX_START,1,1010,,
4.979808,TX_START,1,1299,,
4.980000,SEND,1,4686,,
4.981000,SEND,1,4687,,
4.981312,RECEIVE,1,1005,3916.312000,7.496000
4.982000,SEND,1,4688,,
4.983000,SEND,1,4689,,
4.984000,SEND,1,4690,,
4.985000,SEND,1,4691,,
4.986000,SEND,1,4692,,
4.987000,SEND,1,4693,,
4.988000,SEND,1,4694,,
4.988304,TX_START,1,1013,,
4.988304,TX_START,1,1302,,
4.989000,SEND,1,4695,,
4.989808,RECEIVE,1,1008,3921.808000,5.496000
4.990000,SEND,1,4696,,
4.991000,SEND,1,4697,,
4.992000,SEND,1,4698,,
4.993000,SEND,1,4699,,
4.996800,TX_START,1,1016,,
4.996800,TX_START,1,1305,,
4.998304,RECEIVE,1,1010,3928.304000,6.496000
